file,key,path,read_by_code,value
disruptions.yaml,calibrated_on,calibration.calibrated_on,False,2026-08-25
disruptions.yaml,decision_date,meta.decision_date,False,2026-08-25
disruptions.yaml,liquidity_stress_elasticity,tier2_extensions.model.liquidity_stress_elasticity,False,0.6
disruptions.yaml,outage_duration_days,tier1.model.outage_duration_days,False,
disruptions.yaml,region,meta.region,False,"Sichuan Province, China"
disruptions.yaml,risk_aversion_shift,tier2_extensions.model.risk_aversion_shift,False,0.08
disruptions.yaml,scope_change_2026_08,meta.scope_change_2026_08,False,The input price shock (formerly D4) was moved to the deferre
disruptions.yaml,spatial_correlation_estimated,calibration.spatial_correlation_estimated,False,0.393
disruptions.yaml,tier1_rationale,meta.tier1_rationale,False,THREE shocks are modelled explicitly. D1 and D2 are the two 
disruptions.yaml,typical_duration_days,tier1.typical_duration_days,False,
model_params.yaml,abm_to_sd,sd.interface_contract.abm_to_sd,False,
model_params.yaml,contract_diversification,risk_attitude.provider.covariates.contract_diversification,False,-0.05
model_params.yaml,debt_ratio,risk_attitude.provider.covariates.debt_ratio,False,0.08
model_params.yaml,distribution,risk_attitude.farmer.distribution,False,beta
model_params.yaml,dt_years,sd.dt_years,False,0.5
model_params.yaml,fleet_size,risk_attitude.provider.covariates.fleet_size,False,-0.03
model_params.yaml,grain_filling,loss.stage_vulnerability.grain_filling,False,0.95
model_params.yaml,harvest_month,production.crop_calendar.harvest_month,False,9
model_params.yaml,input_price_shock,risk_attitude.farmer.stress_shift.input_price_shock,False,0.08
model_params.yaml,jointing,loss.stage_vulnerability.jointing,False,0.8
model_params.yaml,liquidity_floor,behaviour.exit_rule.liquidity_floor,False,0.0
model_params.yaml,maturity,loss.stage_vulnerability.maturity,False,0.7
model_params.yaml,owned_by_abm,sd.interface_contract.owned_by_abm,False,
model_params.yaml,owned_by_sd,sd.interface_contract.owned_by_sd,False,
model_params.yaml,rule,sd.interface_contract.rule,False,"Waiting time is computed ONCE, in the SD layer, from SD capa"
model_params.yaml,sd_to_abm,sd.interface_contract.sd_to_abm,False,
model_params.yaml,seedling,loss.stage_vulnerability.seedling,False,0.6
model_params.yaml,sowing_month,production.crop_calendar.sowing_month,False,4
model_params.yaml,version,meta.version,False,0.2.0
model_params.yaml,years_operating,risk_attitude.provider.covariates.years_operating,False,-0.015
policies.yaml,compiled,meta.compiled,False,2026-08-25
policies.yaml,digital_farm_factories,provincial.targets_by_2028.digital_farm_factories,False,>= 50
policies.yaml,digital_government_scenarios,provincial.targets_by_2028.digital_government_scenarios,False,>= 7
policies.yaml,digital_map_pilot_prefectures,provincial.baseline_2025.digital_map_pilot_prefectures,False,7
policies.yaml,drones,provincial.targets_by_2028.drones,False,15000
policies.yaml,false_alarm_penalty,instruments.decision_variables.false_alarm_penalty,False,
policies.yaml,intelligent_machinery_equipment_rate,provincial.targets_by_2028.intelligent_machinery_equipment_rate,False,0.6
policies.yaml,licensed_pilots,provincial.targets_by_2028.licensed_pilots,False,5000
policies.yaml,low_altitude_scenarios,provincial.targets_by_2028.low_altitude_scenarios,False,100
policies.yaml,microclimate_station_counties,provincial.targets_by_2028.microclimate_station_counties,False,66
policies.yaml,mountain_allocation_share,instruments.decision_variables.mountain_allocation_share,False,
policies.yaml,options,instruments.decision_variables.targeting.options,False,
policies.yaml,precision_insurance_counties,provincial.targets_by_2028.precision_insurance_counties,False,176
policies.yaml,region,meta.region,False,"Sichuan Province, China"
policies.yaml,regional_machinery_service_centres,provincial.targets_by_2028.regional_machinery_service_centres,False,>= 200
policies.yaml,smart_agriculture_leading_zones,provincial.targets_by_2028.smart_agriculture_leading_zones,False,
policies.yaml,smart_farms,provincial.targets_by_2028.smart_farms,False,200
policies.yaml,smart_fertigation_area_mu,provincial.targets_by_2028.smart_fertigation_area_mu,False,1650000
policies.yaml,smart_fertigation_counties,provincial.targets_by_2028.smart_fertigation_counties,False,40
policies.yaml,smart_fisheries,provincial.targets_by_2028.smart_fisheries,False,20
policies.yaml,smart_pastures,provincial.targets_by_2028.smart_pastures,False,50
policies.yaml,terminals_to_upgrade,provincial.baseline_2025.terminals_to_upgrade,False,26000
policies.yaml,upgraded_modern_parks,provincial.targets_by_2028.upgraded_modern_parks,False,50
policies.yaml,validity_days,instruments.decision_variables.validity_days,False,
technologies.yaml,capex_per_farm,bundles.model.capex_per_farm,False,0.0
technologies.yaml,congestion_sensitive,bundles.model.congestion_sensitive,False,True
technologies.yaml,decision_date,meta.decision_date,False,2026-08-25
technologies.yaml,failure_rate_annual,bundles.model.failure_rate_annual,False,0.18
technologies.yaml,lead_time_days,bundles.model.lead_time_days,False,
technologies.yaml,region,meta.region,False,"Sichuan Province, China"
technologies.yaml,repair_delay_days_prior,bundles.model.repair_delay_days_prior,False,9
technologies.yaml,requires_water_source,bundles.model.requires_water_source,False,True
technologies.yaml,selection_rationale,meta.selection_rationale,False,"Three bundles, three distinct causal channels, three distinc"
disruptions.yaml,C1,tier1.model.probability_by_county.C1,True,0.235
disruptions.yaml,C2,tier1.model.probability_by_county.C2,True,0.206
disruptions.yaml,C3,tier1.model.probability_by_county.C3,True,0.265
disruptions.yaml,C4,tier1.model.probability_by_county.C4,True,0.147
disruptions.yaml,C5,tier1.model.probability_by_county.C5,True,0.235
disruptions.yaml,C6,tier1.model.probability_by_county.C6,True,0.176
disruptions.yaml,action_window_days,tier1.model.action_window_days,True,2
disruptions.yaml,annual_probability_prior,tier1.model.annual_probability_prior,True,0.211
disruptions.yaml,calibration,calibration,True,
disruptions.yaml,coupled_technologies,tier1.coupled_technologies,True,
disruptions.yaml,crop_stages_at_risk,tier1.crop_stages_at_risk,True,
disruptions.yaml,excluded,excluded,True,
disruptions.yaml,family,tier1.family,True,hydro-meteorological
disruptions.yaml,hazard_definition,tier1.model.hazard_definition,True,SPI <= -0.8
disruptions.yaml,hill,tier1.model.terrain_multiplier.hill,True,1.0
disruptions.yaml,id,tier1.id,True,D1
disruptions.yaml,irrigation_offset,tier1.model.irrigation_offset,True,0.45
disruptions.yaml,model,tier1.model,True,
disruptions.yaml,mountain,tier1.model.terrain_multiplier.mountain,True,1.15
disruptions.yaml,n_events_observed,tier1.model.n_events_observed,True,43
disruptions.yaml,plain,tier1.model.terrain_multiplier.plain,True,0.6
disruptions.yaml,points,calibration.points,True,six Sichuan archetype locations (see calibrate_shocks.py)
disruptions.yaml,price_multiplier_range,tier2_extensions.model.price_multiplier_range,True,
disruptions.yaml,probability_by_county,tier1.model.probability_by_county,True,
disruptions.yaml,season_window,tier1.season_window,True,
disruptions.yaml,severity_distribution,tier1.model.severity_distribution,True,beta
disruptions.yaml,severity_params,tier1.model.severity_params,True,
disruptions.yaml,source,calibration.source,True,"Open-Meteo ERA5 reanalysis, daily, 1991-2024"
disruptions.yaml,spatial_correlation,tier1.model.spatial_correlation,True,0.556
disruptions.yaml,tech_availability_multiplier,tier1.model.tech_availability_multiplier,True,0.35
disruptions.yaml,terrain_multiplier,tier1.model.terrain_multiplier,True,
disruptions.yaml,tier1,tier1,True,
disruptions.yaml,tier2_extensions,tier2_extensions,True,
disruptions.yaml,warning_lead_time_days,tier1.model.warning_lead_time_days,True,
disruptions.yaml,yield_damage_max,tier1.model.yield_damage_max,True,0.45
model_params.yaml,P1,scenarios.instruments.P1,True,
model_params.yaml,P2,scenarios.instruments.P2,True,
model_params.yaml,P3,scenarios.instruments.P3,True,
model_params.yaml,P4,scenarios.instruments.P4,True,
model_params.yaml,P5,scenarios.instruments.P5,True,
model_params.yaml,P6,scenarios.instruments.P6,True,
model_params.yaml,P7,scenarios.instruments.P7,True,
model_params.yaml,access_cost_scale,behaviour.frictions.access_cost_scale,True,260.0
model_params.yaml,age_years,risk_attitude.farmer.covariates.age_years,True,0.0035
model_params.yaml,annual_inflow,sd.stocks.government_budget.annual_inflow,True,1.2e7
model_params.yaml,base_verifiability,contract.verifiability.base_verifiability,True,0.25
model_params.yaml,base_yield_value_per_mu,production.base_yield_value_per_mu,True,1250.0
model_params.yaml,behaviour,behaviour,True,
model_params.yaml,belief_update,behaviour.belief_update,True,
model_params.yaml,c,risk_attitude.government.c,True,0.45
model_params.yaml,capable_farmers,sd.stocks.capable_farmers,True,
model_params.yaml,carryover_share,sd.stocks.government_budget.carryover_share,True,0.6
model_params.yaml,centre,risk_attitude.farmer.prior_loss_proxy.centre,True,0.45
model_params.yaml,choice_rule,behaviour.choice_rule,True,softmax
model_params.yaml,commissioning_lag_years,sd.stocks.service_capacity.commissioning_lag_years,True,0.5
model_params.yaml,consecutive_bad_seasons,behaviour.exit_rule.consecutive_bad_seasons,True,2
model_params.yaml,contract,contract,True,
model_params.yaml,cooperative_member,risk_attitude.farmer.covariates.cooperative_member,True,-0.06
model_params.yaml,counties,population.counties,True,
model_params.yaml,covariates,risk_attitude.farmer.covariates,True,
model_params.yaml,critical_window_months,production.crop_calendar.critical_window_months,True,
model_params.yaml,crop_calendar,production.crop_calendar,True,
model_params.yaml,damage_mult_moderate,behaviour.risk_framing.damage_mult_moderate,True,0.62
model_params.yaml,damage_mult_severe,behaviour.risk_framing.damage_mult_severe,True,2.14
model_params.yaml,decay_to_mean,sd.stocks.institutional_trust.decay_to_mean,True,0.1
model_params.yaml,degradation_rate,sd.stocks.infrastructure_reliability.degradation_rate,True,0.04
model_params.yaml,depreciation_rate,sd.stocks.service_capacity.depreciation_rate,True,0.1
model_params.yaml,digital_literacy,risk_attitude.farmer.covariates.digital_literacy,True,-0.04
model_params.yaml,education_years,risk_attitude.farmer.covariates.education_years,True,-0.012
model_params.yaml,effort_max,contract.effort_max,True,1.0
model_params.yaml,exit_probability_when_triggered,behaviour.exit_rule.exit_probability_when_triggered,True,0.35
model_params.yaml,exit_rule,behaviour.exit_rule,True,
model_params.yaml,farmer,risk_attitude.farmer,True,
model_params.yaml,followup_support,scenarios.instruments.P4.followup_support,True,True
model_params.yaml,frictions,behaviour.frictions,True,
model_params.yaml,gain_on_success,behaviour.trust.gain_on_success,True,0.06
model_params.yaml,gain_per_delivered_outcome,sd.stocks.institutional_trust.gain_per_delivered_outcome,True,0.03
model_params.yaml,gamma_farmer_selfuse,contract.gamma_farmer_selfuse,True,0.22
model_params.yaml,gamma_provider,contract.gamma_provider,True,0.12
model_params.yaml,government,risk_attitude.government,True,
model_params.yaml,government_budget,sd.stocks.government_budget,True,
model_params.yaml,growth_rate,sd.stocks.government_budget.growth_rate,True,0.04
model_params.yaml,harvest,loss.stage_vulnerability.harvest,True,0.5
model_params.yaml,hill,risk_attitude.farmer.prior_loss_proxy.terrain_weight.hill,True,1.0
model_params.yaml,id,population.counties.id,True,C1
model_params.yaml,infrastructure_reliability,sd.stocks.infrastructure_reliability,True,
model_params.yaml,initial,behaviour.trust.initial,True,0.55
model_params.yaml,initial_capacity_coverage,sd.stocks.service_capacity.initial_capacity_coverage,True,0.55
model_params.yaml,initial_share,sd.stocks.capable_farmers.initial_share,True,0.22
model_params.yaml,initial_units,sd.stocks.service_capacity.initial_units,True,90
model_params.yaml,input_cost_per_mu,production.input_cost_per_mu,True,380.0
model_params.yaml,institutional_trust,sd.stocks.institutional_trust,True,
model_params.yaml,instruments,scenarios.instruments,True,
model_params.yaml,irrigation_share,population.counties.irrigation_share,True,0.85
model_params.yaml,k,behaviour.peer_network.k,True,6
model_params.yaml,key,scenarios.key,True,baseline
model_params.yaml,label,scenarios.label,True,No new policy
model_params.yaml,lead_time_gain_days,scenarios.instruments.P5.lead_time_gain_days,True,1.0
model_params.yaml,learning_by_doing_gain,sd.stocks.capable_farmers.learning_by_doing_gain,True,0.05
model_params.yaml,learning_decay,behaviour.frictions.learning_decay,True,1.0
model_params.yaml,learning_rate_hazard,behaviour.belief_update.learning_rate_hazard,True,0.15
model_params.yaml,learning_rate_own,behaviour.belief_update.learning_rate_own,True,0.35
model_params.yaml,learning_rate_peer,behaviour.belief_update.learning_rate_peer,True,0.12
model_params.yaml,learning_scale,behaviour.frictions.learning_scale,True,900.0
model_params.yaml,light_equipment_share,scenarios.instruments.P7.light_equipment_share,True,0.4
model_params.yaml,liquidity_ratio,risk_attitude.farmer.covariates.liquidity_ratio,True,-0.1
model_params.yaml,log_area_mu,risk_attitude.farmer.covariates.log_area_mu,True,-0.055
model_params.yaml,loss,loss,True,
model_params.yaml,loss_on_false_alarm,behaviour.trust.loss_on_false_alarm,True,0.09
model_params.yaml,loss_on_payment_delay,behaviour.trust.loss_on_payment_delay,True,0.05
model_params.yaml,loss_on_service_failure,behaviour.trust.loss_on_service_failure,True,0.12
model_params.yaml,loss_per_failure,sd.stocks.institutional_trust.loss_per_failure,True,0.05
model_params.yaml,maintenance_rate,sd.stocks.infrastructure_reliability.maintenance_rate,True,0.06
model_params.yaml,max_total_mitigation,loss.max_total_mitigation,True,0.65
model_params.yaml,mean_area_mu,population.counties.mean_area_mu,True,22.0
model_params.yaml,mountain,risk_attitude.farmer.prior_loss_proxy.terrain_weight.mountain,True,1.25
model_params.yaml,n_cooperatives,population.n_cooperatives,True,6
model_params.yaml,n_farmers,population.n_farmers,True,500
model_params.yaml,n_providers,population.n_providers,True,12
model_params.yaml,name,population.counties.name,True,plain_high_service
model_params.yaml,new_centres_per_year,scenarios.instruments.P3.new_centres_per_year,True,30
model_params.yaml,non_power_outage_share,loss.non_power_outage_share,True,0.4
model_params.yaml,p_rewire,behaviour.peer_network.p_rewire,True,0.1
model_params.yaml,params,risk_attitude.farmer.params,True,
model_params.yaml,payout_lag_days,scenarios.instruments.P6.payout_lag_days,True,21
model_params.yaml,peer_network,behaviour.peer_network,True,
model_params.yaml,plain,risk_attitude.farmer.prior_loss_proxy.terrain_weight.plain,True,0.6
model_params.yaml,population,population,True,
model_params.yaml,premium_subsidy_rate,scenarios.instruments.P6.premium_subsidy_rate,True,0.7
model_params.yaml,prior_efficacy_mean,behaviour.belief_update.prior_efficacy_mean,True,0.2
model_params.yaml,prior_efficacy_sd,behaviour.belief_update.prior_efficacy_sd,True,0.12
model_params.yaml,prior_loss_experience,risk_attitude.farmer.covariates.prior_loss_experience,True,0.05
model_params.yaml,prior_loss_proxy,risk_attitude.farmer.prior_loss_proxy,True,
model_params.yaml,production,production,True,
model_params.yaml,provider,risk_attitude.provider,True,
model_params.yaml,quantise_step,contract.quantise_step,True,0.02
model_params.yaml,recent_severe_loss,risk_attitude.farmer.stress_shift.recent_severe_loss,True,0.06
model_params.yaml,remote_service_points,scenarios.instruments.P7.remote_service_points,True,30
model_params.yaml,repair_time_years,sd.stocks.infrastructure_reliability.repair_time_years,True,0.25
model_params.yaml,reserved_capacity_share,scenarios.instruments.P5.reserved_capacity_share,True,0.2
model_params.yaml,risk_attitude,risk_attitude,True,
model_params.yaml,risk_framing,behaviour.risk_framing,True,
model_params.yaml,scenarios,scenarios,True,
model_params.yaml,sd,sd,True,
model_params.yaml,seasons,meta.seasons,True,12
model_params.yaml,seasons_per_year,meta.seasons_per_year,True,2
model_params.yaml,seed,meta.seed,True,20260825
model_params.yaml,service_capacity,sd.stocks.service_capacity,True,
model_params.yaml,service_density,population.counties.service_density,True,1.0
model_params.yaml,severe_loss_threshold,risk_attitude.farmer.stress_shift.severe_loss_threshold,True,auto
model_params.yaml,severe_share,behaviour.risk_framing.severe_share,True,0.25
model_params.yaml,shirk_effort_multiplier,contract.verifiability.shirk_effort_multiplier,True,0.55
model_params.yaml,shock_damage,sd.stocks.infrastructure_reliability.shock_damage,True,0.25
model_params.yaml,skill_decay_rate,sd.stocks.capable_farmers.skill_decay_rate,True,0.2
model_params.yaml,slots_per_year,scenarios.instruments.P4.slots_per_year,True,6000
model_params.yaml,social_learning_weight,behaviour.social_learning_weight,True,0.3
model_params.yaml,softmax_temperature,behaviour.softmax_temperature,True,0.02
model_params.yaml,stage_vulnerability,loss.stage_vulnerability,True,
model_params.yaml,stocks,sd.stocks,True,
model_params.yaml,stress_cap,risk_attitude.farmer.stress_shift.stress_cap,True,0.18
model_params.yaml,stress_decay_per_season,risk_attitude.farmer.stress_shift.stress_decay_per_season,True,0.35
model_params.yaml,stress_shift,risk_attitude.farmer.stress_shift,True,
model_params.yaml,subsidy_rate,scenarios.instruments.P1.subsidy_rate,True,0.4
model_params.yaml,subsidy_salience,behaviour.frictions.subsidy_salience,True,0.35
model_params.yaml,support,risk_attitude.farmer.support,True,
model_params.yaml,switching_cost_floor,behaviour.frictions.switching_cost_floor,True,40.0
model_params.yaml,switching_cost_share,behaviour.frictions.switching_cost_share,True,0.25
model_params.yaml,tasselling,loss.stage_vulnerability.tasselling,True,1.0
model_params.yaml,terrain,population.counties.terrain,True,plain
model_params.yaml,terrain_weight,risk_attitude.farmer.prior_loss_proxy.terrain_weight,True,
model_params.yaml,training_throughput_per_year,sd.stocks.capable_farmers.training_throughput_per_year,True,3000
model_params.yaml,trust,behaviour.trust,True,
model_params.yaml,type,behaviour.peer_network.type,True,watts_strogatz
model_params.yaml,u_min_provider_base,contract.u_min_provider_base,True,0.28
model_params.yaml,u_min_scaling_with_demand,contract.u_min_scaling_with_demand,True,0.35
model_params.yaml,unit_capacity_mu_per_day,sd.stocks.service_capacity.unit_capacity_mu_per_day,True,300.0
model_params.yaml,utilisation_ceiling,sd.stocks.service_capacity.utilisation_ceiling,True,0.85
model_params.yaml,verifiability,contract.verifiability,True,
model_params.yaml,voucher_value_per_mu,scenarios.instruments.P2.voucher_value_per_mu,True,6.0
model_params.yaml,with_T1_remote_sensing,contract.verifiability.with_T1_remote_sensing,True,0.65
model_params.yaml,with_T2_sensors,contract.verifiability.with_T2_sensors,True,0.7
model_params.yaml,with_T3_telemetry,contract.verifiability.with_T3_telemetry,True,0.8
model_params.yaml,within_county_bias,behaviour.peer_network.within_county_bias,True,0.85
model_params.yaml,yield_cv,production.yield_cv,True,0.18
policies.yaml,baseline_2025,provincial.baseline_2025,True,
policies.yaml,basis_risk,instruments.decision_variables.basis_risk,True,
policies.yaml,cap_per_farm,instruments.decision_variables.cap_per_farm,True,
policies.yaml,coverage_ratio,instruments.decision_variables.coverage_ratio,True,
policies.yaml,decay_rate_annual,instruments.decision_variables.decay_rate_annual,True,
policies.yaml,default,instruments.decision_variables.subsidy_rate.default,True,0.3
policies.yaml,direction,objectives.direction,True,maximise
policies.yaml,disbursement_lag_days,instruments.decision_variables.disbursement_lag_days,True,
policies.yaml,eligibility_min_area_mu,instruments.decision_variables.eligibility_min_area_mu,True,
policies.yaml,followup_support,instruments.decision_variables.followup_support,True,
policies.yaml,id,instruments.id,True,P1
policies.yaml,instruments,instruments,True,
policies.yaml,key,national.key,True,NP1
policies.yaml,lead_time_gain_days,instruments.decision_variables.lead_time_gain_days,True,
policies.yaml,light_equipment_share,instruments.decision_variables.light_equipment_share,True,
policies.yaml,max_mu_per_farm,instruments.decision_variables.max_mu_per_farm,True,
policies.yaml,national,national,True,
policies.yaml,new_centres_per_year,instruments.decision_variables.new_centres_per_year,True,
policies.yaml,payout_lag_days,instruments.decision_variables.payout_lag_days,True,
policies.yaml,premium_subsidy_rate,instruments.decision_variables.premium_subsidy_rate,True,
policies.yaml,provincial,provincial,True,
policies.yaml,range,instruments.decision_variables.subsidy_rate.range,True,
policies.yaml,remote_service_points,instruments.decision_variables.remote_service_points,True,
policies.yaml,reserved_capacity_share,instruments.decision_variables.reserved_capacity_share,True,
policies.yaml,sd_stock,instruments.sd_stock,True,government_budget
policies.yaml,skill_gain,instruments.decision_variables.skill_gain,True,
policies.yaml,slots_per_year,instruments.decision_variables.slots_per_year,True,
policies.yaml,subsidy_rate,instruments.decision_variables.subsidy_rate,True,
policies.yaml,targeting,instruments.decision_variables.targeting,True,
policies.yaml,targets,instruments.targets,True,
policies.yaml,targets_by_2028,provincial.targets_by_2028,True,
policies.yaml,transport_support,instruments.decision_variables.transport_support,True,
policies.yaml,units_per_centre,instruments.decision_variables.units_per_centre,True,
policies.yaml,verify,provincial.verify,True,True
policies.yaml,voucher_value_per_mu,instruments.decision_variables.voucher_value_per_mu,True,
policies.yaml,year,national.year,True,2020
technologies.yaml,access_modes,meta.access_modes,True,
technologies.yaml,adoption_states,adoption_states,True,
technologies.yaml,availability_base,bundles.model.availability_base,True,0.92
technologies.yaml,bundles,bundles,True,
technologies.yaml,capacity_mu_per_unit_per_day,bundles.model.capacity_mu_per_unit_per_day,True,300.0
technologies.yaml,capex_own_per_unit,bundles.model.capex_own_per_unit,True,62000.0
technologies.yaml,capex_per_mu,bundles.model.capex_per_mu,True,420.0
technologies.yaml,digital_literacy_threshold,bundles.model.digital_literacy_threshold,True,0.25
technologies.yaml,eta_compound,bundles.model.eta_compound,True,0.15
technologies.yaml,eta_drought,bundles.model.eta_drought,True,0.12
technologies.yaml,eta_flood,bundles.model.eta_flood,True,0.28
technologies.yaml,false_alarm_rate,bundles.model.false_alarm_rate,True,0.2
technologies.yaml,hill,bundles.model.terrain_fit.hill,True,0.95
technologies.yaml,id,bundles.id,True,T1
technologies.yaml,key,adoption_states.key,True,not_accessible
technologies.yaml,learning_cost,bundles.model.learning_cost,True,0.15
technologies.yaml,learning_cost_own,bundles.model.learning_cost_own,True,0.6
technologies.yaml,lifetime_years,bundles.model.lifetime_years,True,8
technologies.yaml,model,bundles.model,True,
technologies.yaml,mountain,bundles.model.terrain_fit.mountain,True,0.85
technologies.yaml,opex_per_mu,bundles.model.opex_per_mu,True,2.0
technologies.yaml,plain,bundles.model.terrain_fit.plain,True,1.0
technologies.yaml,policy_levers,bundles.policy_levers,True,
technologies.yaml,power_dependent,bundles.model.power_dependent,True,True
technologies.yaml,routine_benefit_per_mu,bundles.model.routine_benefit_per_mu,True,4.0
technologies.yaml,service_price_per_mu,bundles.model.service_price_per_mu,True,12.0
technologies.yaml,terrain_fit,bundles.model.terrain_fit,True,
