parameter,module,direction,param_base,param_value,output,base,value,pct_change_out,elasticity
eta T2 drought,technology,low,0.45,0.25,adopt_any,0.14227777777777775,0.14227777777777775,0.0,-0.0
eta T2 drought,technology,low,0.45,0.25,effort_T3,0.743096898378123,0.743096898378123,0.0,-0.0
eta T2 drought,technology,low,0.45,0.25,effective_use_rate,0.1691666666666667,0.1691666666666667,0.0,-0.0
eta T2 drought,technology,low,0.45,0.25,mitigation_rate,0.019081530743363915,0.019081530743363915,0.0,-0.0
eta T2 drought,technology,low,0.45,0.25,mean_wait_days,14.923042921534568,14.923042921534568,0.0,-0.0
eta T2 drought,technology,low,0.45,0.25,mean_income,8061.483789570764,8061.483789570764,0.0,-0.0
eta T2 drought,technology,high,0.45,0.65,adopt_any,0.14227777777777775,0.14227777777777775,0.0,0.0
eta T2 drought,technology,high,0.45,0.65,effort_T3,0.743096898378123,0.743096898378123,0.0,0.0
eta T2 drought,technology,high,0.45,0.65,effective_use_rate,0.1691666666666667,0.1691666666666667,0.0,0.0
eta T2 drought,technology,high,0.45,0.65,mitigation_rate,0.019081530743363915,0.019081530743363915,0.0,0.0
eta T2 drought,technology,high,0.45,0.65,mean_wait_days,14.923042921534568,14.923042921534568,0.0,0.0
eta T2 drought,technology,high,0.45,0.65,mean_income,8061.483789570764,8061.483789570764,0.0,0.0
eta T3 flood,technology,low,0.35,0.2,adopt_any,0.14227777777777775,0.14055555555555557,-1.210464662241283,0.02824417545229661
eta T3 flood,technology,low,0.35,0.2,effort_T3,0.743096898378123,0.7556247882567461,1.6859025930489473,-0.03933772717114211
eta T3 flood,technology,low,0.35,0.2,effective_use_rate,0.1691666666666667,0.168,-0.689655172413799,0.016091954022988648
eta T3 flood,technology,low,0.35,0.2,mitigation_rate,0.019081530743363915,0.015311028883614514,-19.759954850900463,0.4610656131876776
eta T3 flood,technology,low,0.35,0.2,mean_wait_days,14.923042921534568,14.004224399459803,-6.157045362034524,0.1436643917808056
eta T3 flood,technology,low,0.35,0.2,mean_income,8061.483789570764,8052.03952461703,-0.11715293611273209,0.0027335685092970824
eta T3 flood,technology,high,0.35,0.5,adopt_any,0.14227777777777775,0.1444444444444445,1.5228426395939556,0.03553299492385896
eta T3 flood,technology,high,0.35,0.5,effort_T3,0.743096898378123,0.7423225928924193,-0.10419980050968686,-0.0024313286785593597
eta T3 flood,technology,high,0.35,0.5,effective_use_rate,0.1691666666666667,0.1735,2.561576354679783,0.059770114942528256
eta T3 flood,technology,high,0.35,0.5,mitigation_rate,0.019081530743363915,0.023193040855909158,21.54706646884252,0.502764884272992
eta T3 flood,technology,high,0.35,0.5,mean_wait_days,14.923042921534568,15.614103062910992,4.630825931480739,0.10805260506788389
eta T3 flood,technology,high,0.35,0.5,mean_income,8061.483789570764,8075.822501381153,0.1778669062008085,0.0041502278113521975
eta T1 flood,technology,low,0.28,0.15,adopt_any,0.14227777777777775,0.137,-3.7094884810620607,0.07989667497672129
eta T1 flood,technology,low,0.28,0.15,effort_T3,0.743096898378123,0.751313223077795,1.1056868515539386,-0.023814793725777137
eta T1 flood,technology,low,0.28,0.15,effective_use_rate,0.1691666666666667,0.1625,-3.9408866995073977,0.0848806366047747
eta T1 flood,technology,low,0.28,0.15,mitigation_rate,0.019081530743363915,0.01656675974649846,-13.179084166190544,0.2838571974256424
eta T1 flood,technology,low,0.28,0.15,mean_wait_days,14.923042921534568,14.694874236200045,-1.528968900875214,0.0329316378650046
eta T1 flood,technology,low,0.28,0.15,mean_income,8061.483789570764,8050.862866649278,-0.13174898317387757,0.0028376704068219776
eta T1 flood,technology,high,0.28,0.45,adopt_any,0.14227777777777775,0.14400000000000002,1.2104646622413415,0.01993706502515151
eta T1 flood,technology,high,0.28,0.45,effort_T3,0.743096898378123,0.7436657951187676,0.07655754476789116,0.001260947796177031
eta T1 flood,technology,high,0.28,0.45,effective_use_rate,0.1691666666666667,0.17383333333333337,2.75862068965518,0.045436105476673566
eta T1 flood,technology,high,0.28,0.45,mitigation_rate,0.019081530743363915,0.02144361880432551,12.378923330263067,0.2038881489690388
eta T1 flood,technology,high,0.28,0.45,mean_wait_days,14.923042921534568,14.374531139798862,-3.6756027883842752,-0.06053934004397631
eta T1 flood,technology,high,0.28,0.45,mean_income,8061.483789570764,8069.862750012955,0.10393819129216426,0.0017119231506944705
T2 capex per mu,technology,low,420.0,250.0,adopt_any,0.14227777777777775,0.1436111111111111,0.9371339320578039,-0.023152720674369274
T2 capex per mu,technology,low,420.0,250.0,effort_T3,0.743096898378123,0.7399255152941097,-0.42677921155843307,0.010543956991443641
T2 capex per mu,technology,low,420.0,250.0,effective_use_rate,0.1691666666666667,0.17450000000000002,3.1527093596059084,-0.07789046653144009
T2 capex per mu,technology,low,420.0,250.0,mitigation_rate,0.019081530743363915,0.019280616963814085,1.0433451232386421,-0.02577676186824881
T2 capex per mu,technology,low,420.0,250.0,mean_wait_days,14.923042921534568,14.736181517505235,-1.2521669006237615,0.03093588813305764
T2 capex per mu,technology,low,420.0,250.0,mean_income,8061.483789570764,8057.063354408277,-0.054834014157621465,0.0013547227027177068
T2 capex per mu,technology,high,420.0,650.0,adopt_any,0.14227777777777775,0.14355555555555555,0.8980866848887272,0.01639984381101154
T2 capex per mu,technology,high,420.0,650.0,effort_T3,0.743096898378123,0.7490381036860092,0.7995195943965647,0.01459992302811118
T2 capex per mu,technology,high,420.0,650.0,effective_use_rate,0.1691666666666667,0.17133333333333334,1.2807881773398915,0.023388305847076275
T2 capex per mu,technology,high,420.0,650.0,mitigation_rate,0.019081530743363915,0.01916621765131529,0.4438161125035857,0.008104468141369826
T2 capex per mu,technology,high,420.0,650.0,mean_wait_days,14.923042921534568,15.450128227065626,3.532022981522434,0.0644978109669314
T2 capex per mu,technology,high,420.0,650.0,mean_income,8061.483789570764,8066.054971637094,0.056703978890881475,0.001035463962355227
T3 service price,technology,low,12.0,7.0,adopt_any,0.14227777777777775,0.15122222222222223,6.286606794221031,-0.15087856306130473
T3 service price,technology,low,12.0,7.0,effort_T3,0.743096898378123,0.7363248694580843,-0.9113251494952099,0.021871803587885038
T3 service price,technology,low,12.0,7.0,effective_use_rate,0.1691666666666667,0.18483333333333338,9.261083743842377,-0.22226600985221703
T3 service price,technology,low,12.0,7.0,mitigation_rate,0.019081530743363915,0.020345641493091957,6.624786903784797,-0.1589948856908351
T3 service price,technology,low,12.0,7.0,mean_wait_days,14.923042921534568,17.858172377286788,19.668438073824117,-0.47204251377177875
T3 service price,technology,low,12.0,7.0,mean_income,8061.483789570764,8088.949375080567,0.34070136747449853,-0.008176832819387966
T3 service price,technology,high,12.0,20.0,adopt_any,0.14227777777777775,0.12694444444444444,-10.77704021866457,-0.16165560327996856
T3 service price,technology,high,12.0,20.0,effort_T3,0.743096898378123,0.753797935028242,1.4400593884155624,0.021600890826233437
T3 service price,technology,high,12.0,20.0,effective_use_rate,0.1691666666666667,0.15583333333333332,-7.881773399014795,-0.11822660098522193
T3 service price,technology,high,12.0,20.0,mitigation_rate,0.019081530743363915,0.01634245613732054,-14.35458529445264,-0.21531877941678962
T3 service price,technology,high,12.0,20.0,mean_wait_days,14.923042921534568,11.075583786686515,-25.782001399299137,-0.38673002098948706
T3 service price,technology,high,12.0,20.0,mean_income,8061.483789570764,8038.48253446327,-0.28532284760345494,-0.0042798427140518245
gamma provider,contract,low,0.12,0.05,adopt_any,0.14227777777777775,0.15255555555555556,7.223740726278816,-0.12383555530763686
gamma provider,contract,low,0.12,0.05,effort_T3,0.743096898378123,0.9223993292088223,24.129078081478106,-0.4136413385396247
gamma provider,contract,low,0.12,0.05,effective_use_rate,0.1691666666666667,0.22066666666666668,30.44334975369457,-0.5218859957776213
gamma provider,contract,low,0.12,0.05,mitigation_rate,0.019081530743363915,0.024848783196611924,30.224265185085937,-0.5181302603157589
gamma provider,contract,low,0.12,0.05,mean_wait_days,14.923042921534568,16.246867913431494,8.87101242593487,-0.15207449873031206
gamma provider,contract,low,0.12,0.05,mean_income,8061.483789570764,8089.279066393178,0.344791077523137,-0.00591070418611092
gamma provider,contract,high,0.12,0.25,adopt_any,0.14227777777777775,0.11888888888888889,-16.43889105818038,-0.1517436097678189
gamma provider,contract,high,0.12,0.25,effort_T3,0.743096898378123,0.49472333907167726,-33.424114654299295,-0.3085302891166088
gamma provider,contract,high,0.12,0.25,effective_use_rate,0.1691666666666667,0.05683333333333335,-66.4039408866995,-0.6129594543387646
gamma provider,contract,high,0.12,0.25,mitigation_rate,0.019081530743363915,0.011223237227944364,-41.18272072146241,-0.38014819127503763
gamma provider,contract,high,0.12,0.25,mean_wait_days,14.923042921534568,11.848248343308308,-20.604340511473062,-0.19019391241359748
gamma provider,contract,high,0.12,0.25,mean_income,8061.483789570764,8027.579337903062,-0.42057334050047734,-0.0038822154507736364
U_min provider,contract,low,0.28,0.15,adopt_any,0.14227777777777775,0.14805555555555558,4.060913705583791,-0.08746583365872779
U_min provider,contract,low,0.28,0.15,effort_T3,0.743096898378123,0.8220650045629455,10.62689218016892,-0.22888690849594592
U_min provider,contract,low,0.28,0.15,effective_use_rate,0.1691666666666667,0.2066666666666667,22.167487684729064,-0.4774535809018567
U_min provider,contract,low,0.28,0.15,mitigation_rate,0.019081530743363915,0.02138367265461714,12.064765359843337,-0.25985648467354877
U_min provider,contract,low,0.28,0.15,mean_wait_days,14.923042921534568,16.485181825726013,10.467964961336493,-0.22546386070570906
U_min provider,contract,low,0.28,0.15,mean_income,8061.483789570764,8075.165217457487,0.16971351979176633,-0.0036553681185918898
U_min provider,contract,high,0.28,0.45,adopt_any,0.14227777777777775,0.13088888888888892,-8.004685669660255,-0.13184188161793362
U_min provider,contract,high,0.28,0.45,effort_T3,0.743096898378123,0.6602448930284094,-11.149556071428329,-0.18363974705881955
U_min provider,contract,high,0.28,0.45,effective_use_rate,0.1691666666666667,0.12266666666666666,-27.487684729064053,-0.4527383367139963
U_min provider,contract,high,0.28,0.45,mitigation_rate,0.019081530743363915,0.015833525786570168,-17.021721163137414,-0.28035776033402804
U_min provider,contract,high,0.28,0.45,mean_wait_days,14.923042921534568,15.346623540289722,2.83843329394911,0.04675066601798535
U_min provider,contract,high,0.28,0.45,mean_income,8061.483789570764,8049.594632778307,-0.14748099857049407,-0.0024290987999846087
shirk multiplier,contract,low,0.55,0.3,adopt_any,0.14227777777777775,0.13627777777777775,-4.217102694260059,0.09277625927372128
shirk multiplier,contract,low,0.55,0.3,effort_T3,0.743096898378123,0.6907848774742926,-7.039730756245402,0.15487407663739883
shirk multiplier,contract,low,0.55,0.3,effective_use_rate,0.1691666666666667,0.16699999999999995,-1.2807881773399408,0.028177339901478693
shirk multiplier,contract,low,0.55,0.3,mitigation_rate,0.019081530743363915,0.01725216776632822,-9.587087124401188,0.21091591673682614
shirk multiplier,contract,low,0.55,0.3,mean_wait_days,14.923042921534568,14.454404743173967,-3.140366082337919,0.06908805381143421
shirk multiplier,contract,low,0.55,0.3,mean_income,8061.483789570764,8053.172100788706,-0.10310370893272562,0.0022682815965199632
shirk multiplier,contract,high,0.55,0.8,adopt_any,0.14227777777777775,0.14188888888888887,-0.273330730183518,-0.006013276064037397
shirk multiplier,contract,high,0.55,0.8,effort_T3,0.743096898378123,0.7819764266463393,5.232094004573887,0.11510606810062551
shirk multiplier,contract,high,0.55,0.8,effective_use_rate,0.1691666666666667,0.21433333333333335,26.69950738916255,0.5873891625615761
shirk multiplier,contract,high,0.55,0.8,mitigation_rate,0.019081530743363915,0.02054842941397361,7.687531416313888,0.16912569115890555
shirk multiplier,contract,high,0.55,0.8,mean_wait_days,14.923042921534568,14.498642507120275,-2.8439267825321743,-0.06256638921570784
shirk multiplier,contract,high,0.55,0.8,mean_income,8061.483789570764,8071.68299985825,0.1265177795268958,0.0027833911495917076
verifiability T3,contract,low,0.8,0.5,adopt_any,0.14227777777777775,0.13622222222222222,-4.256149941429117,0.1134973317714431
verifiability T3,contract,low,0.8,0.5,effort_T3,0.743096898378123,0.6376847143610848,-14.185523347911957,0.3782806226109855
verifiability T3,contract,low,0.8,0.5,effective_use_rate,0.1691666666666667,0.13383333333333336,-20.886699507389157,0.5569786535303775
verifiability T3,contract,low,0.8,0.5,mitigation_rate,0.019081530743363915,0.01623148412100081,-14.936152977948481,0.39829741274529273
verifiability T3,contract,low,0.8,0.5,mean_wait_days,14.923042921534568,13.480990842439104,-9.663257598854212,0.25768686930277895
verifiability T3,contract,low,0.8,0.5,mean_income,8061.483789570764,8045.944474784438,-0.19275998304963937,0.005140266214657049
verifiability T3,contract,high,0.8,0.95,adopt_any,0.14227777777777775,0.14116666666666666,-0.7809449433814772,-0.04165039698034548
verifiability T3,contract,high,0.8,0.95,effort_T3,0.743096898378123,0.809113798635816,8.884023120239224,0.47381456641275893
verifiability T3,contract,high,0.8,0.95,effective_use_rate,0.1691666666666667,0.1795,6.108374384236436,0.32577996715927676
verifiability T3,contract,high,0.8,0.95,mitigation_rate,0.019081530743363915,0.020387940694293834,6.846463045865734,0.3651446957795061
verifiability T3,contract,high,0.8,0.95,mean_wait_days,14.923042921534568,14.248757682422408,-4.51841653647688,-0.2409822152787671
verifiability T3,contract,high,0.8,0.95,mean_income,8061.483789570764,8066.74188085708,0.06522485715493662,0.0034786590482632886
logit scale tau,behaviour,low,0.02,0.01,adopt_any,0.14227777777777775,0.10983333333333334,-22.80359234673954,0.45607184693479075
logit scale tau,behaviour,low,0.02,0.01,effort_T3,0.743096898378123,0.775592761198849,4.373031685591909,-0.08746063371183818
logit scale tau,behaviour,low,0.02,0.01,effective_use_rate,0.1691666666666667,0.14316666666666666,-15.369458128078831,0.3073891625615766
logit scale tau,behaviour,low,0.02,0.01,mitigation_rate,0.019081530743363915,0.0151605949833516,-20.548329233889792,0.41096658467779584
logit scale tau,behaviour,low,0.02,0.01,mean_wait_days,14.923042921534568,13.392215240688989,-10.258147007246972,0.20516294014493944
logit scale tau,behaviour,low,0.02,0.01,mean_income,8061.483789570764,8066.500602045456,0.062231874499106665,-0.0012446374899821333
logit scale tau,behaviour,high,0.02,0.04,adopt_any,0.14227777777777775,0.20522222222222222,44.24053104256153,0.44240531042561526
logit scale tau,behaviour,high,0.02,0.04,effort_T3,0.743096898378123,0.7155748708856531,-3.7036929574782573,-0.03703692957478257
logit scale tau,behaviour,high,0.02,0.04,effective_use_rate,0.1691666666666667,0.22566666666666668,33.39901477832512,0.33399014778325115
logit scale tau,behaviour,high,0.02,0.04,mitigation_rate,0.019081530743363915,0.024700253028847537,29.445867635318905,0.29445867635318906
logit scale tau,behaviour,high,0.02,0.04,mean_wait_days,14.923042921534568,20.485227384868438,37.272455038693266,0.37272455038693264
logit scale tau,behaviour,high,0.02,0.04,mean_income,8061.483789570764,8014.849860209727,-0.5784782377329598,-0.005784782377329599
social learning,behaviour,low,0.3,0.1,adopt_any,0.14227777777777775,0.13650000000000004,-4.0609137055837135,0.060913705583755695
social learning,behaviour,low,0.3,0.1,effort_T3,0.743096898378123,0.744828975829973,0.23308904338457315,-0.003496335650768597
social learning,behaviour,low,0.3,0.1,effective_use_rate,0.1691666666666667,0.16683333333333336,-1.3793103448275819,0.02068965517241373
social learning,behaviour,low,0.3,0.1,mitigation_rate,0.019081530743363915,0.018252531272095664,-4.344512410549432,0.06516768615824148
social learning,behaviour,low,0.3,0.1,mean_wait_days,14.923042921534568,12.912200317465533,-13.474749182469386,0.2021212377370408
social learning,behaviour,low,0.3,0.1,mean_income,8061.483789570764,8058.866075356673,-0.03247186600409667,0.00048707799006145007
social learning,behaviour,high,0.3,0.55,adopt_any,0.14227777777777775,0.14416666666666667,1.3276064037485522,0.015931276844982623
social learning,behaviour,high,0.3,0.55,effort_T3,0.743096898378123,0.7429271216686173,-0.022847183170356385,-0.0002741661980442765
social learning,behaviour,high,0.3,0.55,effective_use_rate,0.1691666666666667,0.17700000000000002,4.630541871921181,0.05556650246305415
social learning,behaviour,high,0.3,0.55,mitigation_rate,0.019081530743363915,0.01912741349826118,0.24045636335137147,0.002885476360216457
social learning,behaviour,high,0.3,0.55,mean_wait_days,14.923042921534568,15.178997850922835,1.7151658058887793,0.020581989670665348
social learning,behaviour,high,0.3,0.55,mean_income,8061.483789570764,8067.609587395472,0.07598846545635528,0.0009118615854762631
capacity coverage,sd,low,0.55,0.35,adopt_any,0.14227777777777775,0.07677777777777779,-46.036704412338906,1.2660093713393197
capacity coverage,sd,low,0.55,0.35,effort_T3,0.743096898378123,0.7469668199284821,0.5207828963901752,-0.014321529650729815
capacity coverage,sd,low,0.55,0.35,effective_use_rate,0.1691666666666667,0.08983333333333333,-46.896551724137936,1.289655172413793
capacity coverage,sd,low,0.55,0.35,mitigation_rate,0.019081530743363915,0.009721612524856505,-49.05223980399245,1.348936594609792
capacity coverage,sd,low,0.55,0.35,mean_wait_days,14.923042921534568,15.563053370314288,4.288739583105787,-0.11794033853540913
capacity coverage,sd,low,0.55,0.35,mean_income,8061.483789570764,8018.947390694487,-0.5276497476966617,0.014510368061658193
capacity coverage,sd,high,0.55,0.85,adopt_any,0.14227777777777775,0.1771111111111111,24.482623975009783,0.4488481062085128
capacity coverage,sd,high,0.55,0.85,effort_T3,0.743096898378123,0.7483594030123784,0.7081855200501131,0.012983401200918745
capacity coverage,sd,high,0.55,0.85,effective_use_rate,0.1691666666666667,0.2225,31.527093596059096,0.5779967159277503
capacity coverage,sd,high,0.55,0.85,mitigation_rate,0.019081530743363915,0.026429330978368387,38.50739405464027,0.7059688910017385
capacity coverage,sd,high,0.55,0.85,mean_wait_days,14.923042921534568,8.231428461173993,-44.84081762375889,-0.8220816564355798
capacity coverage,sd,high,0.55,0.85,mean_income,8061.483789570764,8098.064547754595,0.4537720243406768,0.008319153779579078
max mitigation,loss,low,0.65,0.45,adopt_any,0.14227777777777775,0.14227777777777775,0.0,-0.0
max mitigation,loss,low,0.65,0.45,effort_T3,0.743096898378123,0.743096898378123,0.0,-0.0
max mitigation,loss,low,0.65,0.45,effective_use_rate,0.1691666666666667,0.1691666666666667,0.0,-0.0
max mitigation,loss,low,0.65,0.45,mitigation_rate,0.019081530743363915,0.019044815562765043,-0.1924121345015308,0.00625339437129975
max mitigation,loss,low,0.65,0.45,mean_wait_days,14.923042921534568,14.923042921534568,0.0,-0.0
max mitigation,loss,low,0.65,0.45,mean_income,8061.483789570764,8061.482761472397,-1.2753215088236165e-05,4.1447949036767534e-07
max mitigation,loss,high,0.65,0.85,adopt_any,0.14227777777777775,0.14227777777777775,0.0,0.0
max mitigation,loss,high,0.65,0.85,effort_T3,0.743096898378123,0.743096898378123,0.0,0.0
max mitigation,loss,high,0.65,0.85,effective_use_rate,0.1691666666666667,0.1691666666666667,0.0,0.0
max mitigation,loss,high,0.65,0.85,mitigation_rate,0.019081530743363915,0.019081530743363915,0.0,0.0
max mitigation,loss,high,0.65,0.85,mean_wait_days,14.923042921534568,14.923042921534568,0.0,0.0
max mitigation,loss,high,0.65,0.85,mean_income,8061.483789570764,8061.483789570764,0.0,0.0
farmer risk mean,risk,low,0.6,0.45,adopt_any,0.14227777777777775,0.13883333333333334,-2.420929324482605,0.09683717297930422
farmer risk mean,risk,low,0.6,0.45,effort_T3,0.743096898378123,0.7478852458382507,0.6443772636622076,-0.02577509054648831
farmer risk mean,risk,low,0.6,0.45,effective_use_rate,0.1691666666666667,0.16949999999999998,0.1970443349753477,-0.00788177339901391
farmer risk mean,risk,low,0.6,0.45,mitigation_rate,0.019081530743363915,0.018693495032459023,-2.033566992731134,0.08134267970924537
farmer risk mean,risk,low,0.6,0.45,mean_wait_days,14.923042921534568,14.800456313820574,-0.8214585212852079,0.032858340851408326
farmer risk mean,risk,low,0.6,0.45,mean_income,8061.483789570764,8063.76312074529,0.02827433800058239,-0.0011309735200232959
farmer risk mean,risk,high,0.6,0.75,adopt_any,0.14227777777777775,0.14722222222222223,3.475204998047659,0.13900819992190633
farmer risk mean,risk,high,0.6,0.75,effort_T3,0.743096898378123,0.756286273190535,1.774919911682988,0.0709967964673195
farmer risk mean,risk,high,0.6,0.75,effective_use_rate,0.1691666666666667,0.17683333333333331,4.532019704433473,0.18128078817733892
farmer risk mean,risk,high,0.6,0.75,mitigation_rate,0.019081530743363915,0.020387682554974917,6.845110222958659,0.2738044089183463
farmer risk mean,risk,high,0.6,0.75,mean_wait_days,14.923042921534568,16.180334450145676,8.425168614886067,0.3370067445954426
farmer risk mean,risk,high,0.6,0.75,mean_income,8061.483789570764,8063.934314733761,0.0303979419541522,0.0012159176781660877
provider risk mean,risk,low,0.33,0.2,adopt_any,0.14227777777777775,0.1238888888888889,-12.924638812963666,0.3280869852521546
provider risk mean,risk,low,0.33,0.2,effort_T3,0.743096898378123,0.5645299667679443,-24.030100515816624,0.6099948592476528
provider risk mean,risk,low,0.33,0.2,effective_use_rate,0.1691666666666667,0.08916666666666666,-47.290640394088676,1.2004547176960974
provider risk mean,risk,low,0.33,0.2,mitigation_rate,0.019081530743363915,0.013093767798657091,-31.379887836248255,0.7965663835355327
provider risk mean,risk,low,0.33,0.2,mean_wait_days,14.923042921534568,12.352306283599225,-17.22662496819375,0.4372912491926106
provider risk mean,risk,low,0.33,0.2,mean_income,8061.483789570764,8034.3721769865515,-0.33631045216871014,0.008537111478128797
provider risk mean,risk,high,0.33,0.5,adopt_any,0.14227777777777775,0.14200000000000002,-0.1952362358453449,-0.0037898798722919907
provider risk mean,risk,high,0.33,0.5,effort_T3,0.743096898378123,0.789636529920856,6.262929053305162,0.12157450515239435
provider risk mean,risk,high,0.33,0.5,effective_use_rate,0.1691666666666667,0.1815,7.290640394088653,0.14152419588525036
provider risk mean,risk,high,0.33,0.5,mitigation_rate,0.019081530743363915,0.020406576358850258,6.944126408449495,0.13479774792872554
provider risk mean,risk,high,0.33,0.5,mean_wait_days,14.923042921534568,15.688287012834365,5.127936006908606,0.09954228719293179
provider risk mean,risk,high,0.33,0.5,mean_income,8061.483789570764,8069.947163140855,0.10498530780450176,0.002037950092675623
routine benefit T3,technology,low,22.0,11.0,adopt_any,0.14227777777777775,0.1281111111111111,-9.957048028114016,0.1991409605622803
routine benefit T3,technology,low,22.0,11.0,effort_T3,0.743096898378123,0.7511270786981058,1.080637039060373,-0.021612740781207458
routine benefit T3,technology,low,22.0,11.0,effective_use_rate,0.1691666666666667,0.16216666666666668,-4.1379310344827624,0.08275862068965524
routine benefit T3,technology,low,22.0,11.0,mitigation_rate,0.019081530743363915,0.01696652770733043,-11.084032326751519,0.2216806465350304
routine benefit T3,technology,low,22.0,11.0,mean_wait_days,14.923042921534568,10.714268006914262,-28.20319513084607,0.5640639026169214
routine benefit T3,technology,low,22.0,11.0,mean_income,8061.483789570764,8033.6137368673235,-0.3457186472234369,0.006914372944468739
routine benefit T3,technology,high,22.0,33.0,adopt_any,0.14227777777777775,0.1543888888888889,8.512299882858292,0.17024599765716583
routine benefit T3,technology,high,22.0,33.0,effort_T3,0.743096898378123,0.7309556258802073,-1.6338747375228013,-0.032677494750456025
routine benefit T3,technology,high,22.0,33.0,effective_use_rate,0.1691666666666667,0.1825,7.881773399014763,0.15763546798029526
routine benefit T3,technology,high,22.0,33.0,mitigation_rate,0.019081530743363915,0.020909037866433975,9.577361206755501,0.19154722413511002
routine benefit T3,technology,high,22.0,33.0,mean_wait_days,14.923042921534568,18.2517521409026,22.305834251569205,0.4461166850313841
routine benefit T3,technology,high,22.0,33.0,mean_income,8061.483789570764,8096.558071560117,0.4350846929039174,0.008701693858078348
routine benefit T2,technology,low,30.0,15.0,adopt_any,0.14227777777777775,0.13955555555555554,-1.9133151112846456,0.03826630222569291
routine benefit T2,technology,low,30.0,15.0,effort_T3,0.743096898378123,0.7389890695687318,-0.5527985405883019,0.011055970811766038
routine benefit T2,technology,low,30.0,15.0,effective_use_rate,0.1691666666666667,0.16183333333333336,-4.3349753694581254,0.08669950738916252
routine benefit T2,technology,low,30.0,15.0,mitigation_rate,0.019081530743363915,0.01867073543915162,-2.152842503765903,0.04305685007531806
routine benefit T2,technology,low,30.0,15.0,mean_wait_days,14.923042921534568,13.806647510872727,-7.48101721969074,0.1496203443938148
routine benefit T2,technology,low,30.0,15.0,mean_income,8061.483789570764,8062.451249994717,0.01200102176232409,-0.00024002043524648178
routine benefit T2,technology,high,30.0,45.0,adopt_any,0.14227777777777775,0.1426111111111111,0.23428348301446072,0.004685669660289215
routine benefit T2,technology,high,30.0,45.0,effort_T3,0.743096898378123,0.746233065984098,0.42204019594483416,0.008440803918896683
routine benefit T2,technology,high,30.0,45.0,effective_use_rate,0.1691666666666667,0.1731666666666667,2.3645320197044355,0.04729064039408871
routine benefit T2,technology,high,30.0,45.0,mitigation_rate,0.019081530743363915,0.019169499551631233,0.46101546804839966,0.009220309360967993
routine benefit T2,technology,high,30.0,45.0,mean_wait_days,14.923042921534568,14.787906756952081,-0.9055536815985449,-0.018111073631970898
routine benefit T2,technology,high,30.0,45.0,mean_income,8061.483789570764,8063.262827115203,0.022068363478455363,0.00044136726956910723
non-power outage share,loss,low,0.4,0.2,adopt_any,0.14227777777777775,0.14227777777777775,0.0,-0.0
non-power outage share,loss,low,0.4,0.2,effort_T3,0.743096898378123,0.7430743680998413,-0.003031943523229671,6.063887046459342e-05
non-power outage share,loss,low,0.4,0.2,effective_use_rate,0.1691666666666667,0.1691666666666667,0.0,-0.0
non-power outage share,loss,low,0.4,0.2,mitigation_rate,0.019081530743363915,0.01999729652825982,4.799226001375099,-0.09598452002750198
non-power outage share,loss,low,0.4,0.2,mean_wait_days,14.923042921534568,14.923042921534568,0.0,-0.0
non-power outage share,loss,low,0.4,0.2,mean_income,8061.483789570764,8068.4123668218235,0.08594667473031335,-0.0017189334946062671
non-power outage share,loss,high,0.4,0.7,adopt_any,0.14227777777777775,0.14227777777777775,0.0,0.0
non-power outage share,loss,high,0.4,0.7,effort_T3,0.743096898378123,0.7431034243027743,0.0008782064177065435,1.1709418902753916e-05
non-power outage share,loss,high,0.4,0.7,effective_use_rate,0.1691666666666667,0.1691666666666667,0.0,0.0
non-power outage share,loss,high,0.4,0.7,mitigation_rate,0.019081530743363915,0.01770616163834873,-7.207855195231152,-0.09610473593641537
non-power outage share,loss,high,0.4,0.7,mean_wait_days,14.923042921534568,14.923042921534568,0.0,0.0
non-power outage share,loss,high,0.4,0.7,mean_income,8061.483789570764,8051.088500598632,-0.12895006978219975,-0.001719334263762664
learning decay,behaviour,low,1.0,0.5,adopt_any,0.14227777777777775,0.1343888888888889,-5.544709098008573,0.11089418196017145
learning decay,behaviour,low,1.0,0.5,effort_T3,0.743096898378123,0.7439854553347747,0.1195748439525241,-0.002391496879050482
learning decay,behaviour,low,1.0,0.5,effective_use_rate,0.1691666666666667,0.16366666666666665,-3.2512315270936147,0.0650246305418723
learning decay,behaviour,low,1.0,0.5,mitigation_rate,0.019081530743363915,0.018341381747597866,-3.8788764157375297,0.0775775283147506
learning decay,behaviour,low,1.0,0.5,mean_wait_days,14.923042921534568,14.699957326384713,-1.494906878730035,0.0298981375746007
learning decay,behaviour,low,1.0,0.5,mean_income,8061.483789570764,8059.140321419039,-0.029069935670618677,0.0005813987134123736
learning decay,behaviour,high,1.0,2.0,adopt_any,0.14227777777777775,0.1441111111111111,1.2885591565794754,0.012885591565794755
learning decay,behaviour,high,1.0,2.0,effort_T3,0.743096898378123,0.7527594233203784,1.3003048409090034,0.013003048409090034
learning decay,behaviour,high,1.0,2.0,effective_use_rate,0.1691666666666667,0.17833333333333334,5.418719211822653,0.054187192118226535
learning decay,behaviour,high,1.0,2.0,mitigation_rate,0.019081530743363915,0.019709684874692383,3.2919483231025595,0.032919483231025594
learning decay,behaviour,high,1.0,2.0,mean_wait_days,14.923042921534568,15.662952522332986,4.958168415710296,0.04958168415710296
learning decay,behaviour,high,1.0,2.0,mean_income,8061.483789570764,8068.215320024502,0.08350237536229363,0.0008350237536229362
hazard learning rate,behaviour,low,0.15,0.05,adopt_any,0.14227777777777775,0.13244444444444445,-6.911362748926182,0.10367044123389274
hazard learning rate,behaviour,low,0.15,0.05,effort_T3,0.743096898378123,0.747207180433529,0.5531286786927849,-0.008296930180391774
hazard learning rate,behaviour,low,0.15,0.05,effective_use_rate,0.1691666666666667,0.16366666666666665,-3.2512315270936147,0.04876847290640422
hazard learning rate,behaviour,low,0.15,0.05,mitigation_rate,0.019081530743363915,0.018248425668044983,-4.366028525298819,0.06549042787948228
hazard learning rate,behaviour,low,0.15,0.05,mean_wait_days,14.923042921534568,14.013291032733491,-6.09628943362662,0.0914443415043993
hazard learning rate,behaviour,low,0.15,0.05,mean_income,8061.483789570764,8061.619042726558,0.0016777699902971689,-2.5166549854457534e-05
hazard learning rate,behaviour,high,0.15,0.35,adopt_any,0.14227777777777775,0.14427777777777775,1.4057008980866865,0.010542756735650149
hazard learning rate,behaviour,high,0.15,0.35,effort_T3,0.743096898378123,0.7462236439417804,0.42077225332010526,0.0031557918999007895
hazard learning rate,behaviour,high,0.15,0.35,effective_use_rate,0.1691666666666667,0.1665,-1.5763546798029624,-0.011822660098522219
hazard learning rate,behaviour,high,0.15,0.35,mitigation_rate,0.019081530743363915,0.018540425152080785,-2.835755676841143,-0.021268167576308575
hazard learning rate,behaviour,high,0.15,0.35,mean_wait_days,14.923042921534568,16.473696627743564,10.391002119087512,0.07793251589315633
hazard learning rate,behaviour,high,0.15,0.35,mean_income,8061.483789570764,8058.632147872195,-0.035373657914671244,-0.00026530243436003435
stress decay,risk,low,0.35,0.15,adopt_any,0.14227777777777775,0.1423888888888889,0.07809449433817309,-0.0013666536509180291
stress decay,risk,low,0.35,0.15,effort_T3,0.743096898378123,0.7455166072654688,0.3256249477863532,-0.005698436586261181
stress decay,risk,low,0.35,0.15,effective_use_rate,0.1691666666666667,0.16983333333333336,0.3940886699507447,-0.006896551724138032
stress decay,risk,low,0.35,0.15,mitigation_rate,0.019081530743363915,0.01911845979927954,0.19353298439365174,-0.0033868272268889055
stress decay,risk,low,0.35,0.15,mean_wait_days,14.923042921534568,14.973294795676223,0.3367401300517531,-0.005892952275905679
stress decay,risk,low,0.35,0.15,mean_income,8061.483789570764,8061.654768121519,0.0021209315210163012,-3.7116301617785274e-05
stress decay,risk,high,0.35,0.6,adopt_any,0.14227777777777775,0.14227777777777775,0.0,0.0
stress decay,risk,high,0.35,0.6,effort_T3,0.743096898378123,0.742795023391832,-0.040623906108320854,-0.0005687346855164919
stress decay,risk,high,0.35,0.6,effective_use_rate,0.1691666666666667,0.1691666666666667,0.0,0.0
stress decay,risk,high,0.35,0.6,mitigation_rate,0.019081530743363915,0.019078454049927376,-0.016123934069642274,-0.00022573507697499183
stress decay,risk,high,0.35,0.6,mean_wait_days,14.923042921534568,14.923042921534568,0.0,0.0
stress decay,risk,high,0.35,0.6,mean_income,8061.483789570764,8061.45827850751,-0.00031645617506884967,-4.430386450963895e-06
