year,dry_spell_days,julaug_precip_mm,hot_days,rainstorm_days,heavy_rainstorm_days,max_1day_mm,max_3day_mm,county
1991,5,583.7,0,2,2,149.2,193.79999999999998,C1
1992,9,696.0,0,3,0,82.4,112.39999999999999,C1
1993,3,435.4,0,3,0,96.3,138.2,C1
1994,3,586.6999999999999,0,1,0,77.4,132.3,C1
1995,3,722.9000000000001,0,4,0,98.1,181.89999999999998,C1
1996,3,701.6999999999999,0,3,0,98.7,183.5,C1
1997,9,511.50000000000006,0,2,1,152.0,167.4,C1
1998,3,560.8,0,4,1,109.0,200.2,C1
1999,5,552.8000000000001,0,1,0,81.7,135.9,C1
2000,5,406.1,0,1,0,55.3,98.3,C1
2001,4,692.7,2,5,2,147.1,214.2,C1
2002,11,272.7,5,0,0,47.6,72.5,C1
2003,4,714.6000000000001,0,2,1,119.4,175.7,C1
2004,6,451.6,1,1,0,52.5,103.0,C1
2005,5,560.6000000000001,0,4,0,65.8,167.5,C1
2006,6,394.4,8,0,0,36.1,87.2,C1
2007,4,742.3000000000001,0,4,1,122.6,223.10000000000002,C1
2008,6,633.7,2,3,1,249.6,282.1,C1
2009,7,584.5999999999999,0,2,0,64.9,123.0,C1
2010,4,685.0,0,4,0,90.5,144.7,C1
2011,7,444.6,0,3,0,84.7,148.1,C1
2012,6,504.80000000000007,0,3,0,61.7,108.4,C1
2013,3,609.4,0,6,0,91.4,150.7,C1
2014,7,477.09999999999997,0,1,0,57.9,103.0,C1
2015,8,405.6000000000001,2,1,0,91.9,139.10000000000002,C1
2016,5,421.00000000000006,4,0,0,42.6,86.50000000000001,C1
2017,6,505.29999999999995,0,1,0,99.6,109.89999999999999,C1
2018,3,782.8999999999999,0,4,0,92.0,162.7,C1
2019,4,613.3000000000001,0,4,1,101.2,159.8,C1
2020,4,1050.6000000000001,0,5,3,186.0,348.6,C1
2021,8,632.1999999999999,0,1,1,149.7,211.79999999999998,C1
2022,8,331.3,16,2,0,62.6,109.30000000000001,C1
2023,6,527.6,3,1,0,59.2,114.70000000000002,C1
2024,5,428.30000000000007,7,2,0,52.9,88.8,C1
1991,13,356.5,0,1,0,60.1,82.89999999999999,C2
1992,7,481.09999999999997,0,2,0,83.2,101.7,C2
1993,4,435.19999999999993,0,5,1,149.1,243.5,C2
1994,5,361.0999999999999,1,0,0,40.7,85.6,C2
1995,7,590.0,0,1,0,52.7,92.7,C2
1996,4,691.7,0,3,0,59.4,113.5,C2
1997,10,355.8999999999999,0,0,0,43.9,93.4,C2
1998,3,673.8,0,5,1,176.2,192.89999999999998,C2
1999,7,401.2,0,0,0,32.2,70.6,C2
2000,4,435.6,0,1,0,58.0,109.5,C2
2001,7,528.9,4,4,3,156.6,250.0,C2
2002,10,251.00000000000003,6,0,0,42.7,55.0,C2
2003,4,678.3,0,2,1,159.1,214.1,C2
2004,14,305.49999999999994,3,0,0,32.0,62.7,C2
2005,6,554.6000000000001,0,2,0,83.6,109.4,C2
2006,9,227.60000000000002,16,0,0,27.9,45.7,C2
2007,7,698.4,0,6,1,106.5,168.9,C2
2008,12,350.00000000000006,2,2,0,91.9,126.4,C2
2009,7,571.7999999999998,0,3,0,80.4,139.3,C2
2010,5,494.70000000000005,0,1,0,68.7,109.30000000000001,C2
2011,10,324.6,1,3,0,80.9,162.2,C2
2012,7,343.09999999999997,0,2,1,184.3,207.20000000000002,C2
2013,5,575.4,0,3,1,106.1,155.2,C2
2014,6,368.20000000000005,0,1,0,81.9,120.7,C2
2015,4,313.6,8,2,1,116.4,175.4,C2
2016,6,334.29999999999995,6,0,0,29.4,55.8,C2
2017,7,463.6,0,1,0,99.3,123.6,C2
2018,5,847.7999999999998,0,5,1,149.1,274.9,C2
2019,5,344.6000000000001,0,1,0,96.7,133.6,C2
2020,4,915.8000000000001,0,6,1,155.4,278.1,C2
2021,8,736.4,0,7,3,146.5,272.6,C2
2022,10,246.5,22,1,0,57.3,83.7,C2
2023,5,490.3,0,1,0,60.7,99.5,C2
2024,18,578.9,7,2,1,130.0,158.6,C2
1991,6,362.5000000000001,2,1,0,54.6,98.7,C3
1992,6,278.9,4,2,0,72.6,108.9,C3
1993,3,354.1,0,1,0,97.3,142.1,C3
1994,6,259.59999999999997,22,0,0,45.7,69.60000000000001,C3
1995,5,389.1,2,1,0,90.5,138.6,C3
1996,4,562.6,1,1,0,83.7,108.60000000000001,C3
1997,10,241.70000000000002,15,1,0,52.3,68.0,C3
1998,3,662.6999999999999,1,1,0,53.3,101.1,C3
1999,6,531.7,0,1,0,69.5,121.8,C3
2000,5,551.6999999999999,3,1,0,64.1,131.8,C3
2001,12,296.3,15,0,0,46.8,67.4,C3
2002,6,303.00000000000006,3,1,0,53.2,94.3,C3
2003,5,395.00000000000006,2,0,0,47.6,69.5,C3
2004,7,258.5,1,0,0,49.8,54.0,C3
2005,3,553.7,0,1,0,69.3,93.60000000000001,C3
2006,28,138.09999999999997,37,0,0,27.8,39.400000000000006,C3
2007,6,508.2999999999999,1,2,0,76.7,130.6,C3
2008,9,270.09999999999997,4,0,0,40.3,44.4,C3
2009,8,258.0,5,0,0,47.0,77.4,C3
2010,10,446.8,8,0,0,45.9,87.59999999999998,C3
2011,10,195.8,27,0,0,44.6,69.69999999999999,C3
2012,8,433.5,4,1,0,55.2,81.9,C3
2013,7,260.0,27,3,0,75.0,146.0,C3
2014,7,268.49999999999994,14,0,0,36.9,77.89999999999999,C3
2015,9,550.7,0,2,1,262.7,300.4,C3
2016,10,245.49999999999997,11,0,0,49.1,71.1,C3
2017,6,300.5,13,1,0,67.1,77.69999999999999,C3
2018,7,277.4,6,0,0,38.5,54.0,C3
2019,11,388.3,5,2,1,105.9,191.90000000000003,C3
2020,6,501.5,0,4,0,67.7,85.2,C3
2021,9,573.4000000000001,4,1,1,118.2,142.1,C3
2022,18,121.4,45,0,0,48.0,75.0,C3
2023,8,460.09999999999997,14,2,0,76.4,122.1,C3
2024,10,478.4999999999999,20,0,0,49.2,123.5,C3
1991,3,638.4999999999999,0,3,0,74.5,173.6,C4
1992,8,364.90000000000003,3,1,0,71.0,82.9,C4
1993,3,491.5000000000001,0,1,0,79.0,125.80000000000001,C4
1994,4,589.1999999999999,10,2,1,195.7,229.79999999999998,C4
1995,2,434.7,1,0,0,26.0,56.0,C4
1996,4,669.3000000000001,3,0,0,48.2,110.4,C4
1997,10,443.1999999999999,4,1,0,84.1,106.8,C4
1998,2,708.8,1,2,0,84.4,108.60000000000002,C4
1999,3,568.6999999999999,0,0,0,44.6,80.3,C4
2000,2,493.20000000000005,3,0,0,44.8,75.19999999999999,C4
2001,8,437.79999999999995,2,3,0,76.1,88.7,C4
2002,6,440.8,7,1,0,53.9,107.69999999999999,C4
2003,4,525.1999999999999,2,1,1,101.0,116.9,C4
2004,4,449.0,1,0,0,39.1,62.00000000000001,C4
2005,3,766.6999999999999,0,2,1,107.7,139.3,C4
2006,13,437.5,23,1,0,67.9,84.89999999999999,C4
2007,4,629.8000000000001,1,3,0,83.1,104.5,C4
2008,5,421.70000000000005,1,0,0,46.6,92.10000000000001,C4
2009,4,450.9,5,3,1,122.0,137.9,C4
2010,5,556.5,8,0,0,49.4,85.30000000000001,C4
2011,10,181.6,25,0,0,33.6,40.800000000000004,C4
2012,5,536.4999999999999,6,1,0,89.0,99.80000000000001,C4
2013,5,562.7,4,0,0,45.3,74.0,C4
2014,4,371.8,4,0,0,41.8,78.4,C4
2015,7,376.8,5,2,0,57.5,77.6,C4
2016,4,451.7,11,2,0,88.3,149.4,C4
2017,6,421.6,8,0,0,41.3,76.69999999999999,C4
2018,6,717.5000000000002,3,2,0,70.8,103.9,C4
2019,9,419.1,8,0,0,38.0,77.4,C4
2020,3,433.0,1,1,0,62.0,82.7,C4
2021,9,427.49999999999994,3,1,0,76.3,91.0,C4
2022,18,174.4,38,1,0,51.3,88.80000000000001,C4
2023,4,504.20000000000005,15,0,0,40.0,95.5,C4
2024,5,458.4999999999999,17,1,0,68.3,111.5,C4
1991,5,340.29999999999995,0,2,0,63.7,116.0,C5
1992,6,369.00000000000006,4,1,1,100.3,163.10000000000002,C5
1993,3,445.79999999999995,0,3,1,106.0,209.8,C5
1994,10,340.9,16,2,0,78.7,149.2,C5
1995,7,421.59999999999997,2,1,0,97.8,153.3,C5
1996,6,577.5,0,1,1,103.7,135.2,C5
1997,10,253.2,13,1,0,50.2,66.3,C5
1998,3,771.9000000000002,0,3,0,80.3,120.39999999999999,C5
1999,6,553.4,0,2,0,82.2,176.8,C5
2000,5,650.8999999999999,2,5,0,76.2,140.6,C5
2001,18,276.2,3,0,0,45.6,62.400000000000006,C5
2002,7,296.1,3,1,0,67.1,92.3,C5
2003,5,436.9000000000001,2,1,0,68.0,95.8,C5
2004,7,292.3,2,0,0,47.3,73.6,C5
2005,4,623.3999999999999,0,2,0,74.0,122.9,C5
2006,14,140.7,31,0,0,39.0,64.60000000000001,C5
2007,6,521.6,1,3,0,75.7,157.7,C5
2008,8,325.40000000000003,0,2,0,63.4,66.3,C5
2009,8,357.9,1,3,0,65.2,99.1,C5
2010,8,434.5,8,1,0,58.8,121.89999999999999,C5
2011,9,221.20000000000002,17,2,0,61.5,84.19999999999999,C5
2012,8,435.00000000000006,3,5,0,75.4,135.3,C5
2013,6,232.0,21,1,0,50.1,76.1,C5
2014,8,241.99999999999997,10,0,0,47.0,98.0,C5
2015,9,406.3,0,3,1,149.3,224.60000000000002,C5
2016,10,254.7,8,2,0,64.1,112.9,C5
2017,8,323.1,16,2,1,102.3,115.1,C5
2018,9,206.60000000000002,15,0,0,43.3,57.099999999999994,C5
2019,17,353.3,11,2,0,59.7,116.5,C5
2020,7,440.99999999999994,2,1,0,73.1,81.3,C5
2021,11,518.6999999999999,7,1,0,69.3,99.1,C5
2022,21,165.70000000000002,43,1,0,86.6,127.1,C5
2023,8,471.4,6,3,0,84.0,120.20000000000002,C5
2024,10,403.5,20,0,0,44.9,115.5,C5
1991,2,522.2,0,1,0,52.1,75.19999999999999,C6
1992,8,340.20000000000005,0,0,0,25.5,52.2,C6
1993,4,451.29999999999995,0,0,0,31.2,61.0,C6
1994,5,375.80000000000007,0,0,0,40.8,55.4,C6
1995,4,380.3,0,0,0,27.0,47.0,C6
1996,7,460.1,0,1,0,51.7,84.3,C6
1997,6,517.2,0,1,0,59.6,86.80000000000001,C6
1998,3,637.5999999999999,0,1,0,63.2,79.70000000000002,C6
1999,2,517.9,0,0,0,32.3,65.0,C6
2000,2,489.00000000000006,0,0,0,37.2,63.3,C6
2001,4,388.6,0,0,0,38.8,67.3,C6
2002,3,532.8,0,1,0,52.3,74.3,C6
2003,7,261.0,0,0,0,37.0,64.6,C6
2004,5,387.70000000000005,0,0,0,40.2,77.4,C6
2005,4,512.3999999999999,0,0,0,39.2,65.69999999999999,C6
2006,10,306.80000000000007,0,0,0,47.7,56.7,C6
2007,4,457.3,0,0,0,43.9,59.199999999999996,C6
2008,4,507.7,0,1,0,65.6,81.6,C6
2009,8,327.79999999999995,0,1,0,50.6,59.500000000000014,C6
2010,5,396.6,0,0,0,37.8,55.2,C6
2011,9,162.5,0,0,0,41.1,69.0,C6
2012,3,579.3,0,4,0,70.0,98.3,C6
2013,8,270.09999999999997,0,0,0,41.8,70.2,C6
2014,5,409.2999999999999,0,0,0,44.4,73.9,C6
2015,4,381.59999999999997,0,0,0,29.7,49.0,C6
2016,5,213.20000000000002,0,0,0,31.4,59.900000000000006,C6
2017,6,366.0999999999999,0,0,0,39.7,75.4,C6
2018,4,396.3000000000001,0,0,0,40.1,66.2,C6
2019,6,503.6,0,0,0,44.5,86.1,C6
2020,4,513.7,0,2,0,60.2,91.4,C6
2021,6,412.29999999999995,0,0,0,48.4,73.10000000000001,C6
2022,11,397.7000000000001,0,0,0,49.4,64.1,C6
2023,4,535.4999999999999,0,0,0,42.6,80.1,C6
2024,10,354.29999999999995,0,0,0,49.7,78.7,C6
