season,year,shocks,effective_use_rate,mean_wait_days,backlog_mu,mean_loss_fraction,avoided_loss_fraction,mitigation_rate,mean_income,income_p10,gini_income,exit_rate,fiscal_spend,fiscal_cumulative,equity_gap,mountain_gap,capacity_units,reliability,trust,capable_share,recovery_seasons_mean,adopt_T1,adopt_T2,adopt_T3,service_T1,service_T2,service_T3,effort_T1,effort_T2,effort_T3,contract_linear,contract_concave,contract_convex,contract_self,contract_infeasible,scenario,rep
1,0.5,,0.16049382716049382,3.252937746678935,0.0,0.0,0.0,0.0,13139.862672239056,2986.805585542871,0.5037922431804086,0.0,0.0,0.0,0.0,0.0,0.2101759260828672,0.892,0.5475000000000001,0.20201234567901236,,0.2962962962962963,0.0,0.12345679012345678,0.2962962962962963,0.0,0.12345679012345678,0.5641650910368223,0.0,0.6719414931403752,0,8,26,0,0,baseline,0
2,1.0,D2,0.16049382716049382,9.953595099300983,97.5689883298571,0.30629724221558263,0.008369380166599976,0.02659761020485621,7318.852182374346,1430.0732486348188,0.4468913100739333,0.0,0.0,0.0,0.018342161587191593,0.015388069057794246,0.19966712977872383,0.88496,0.5120385802469136,0.18582345679012346,1.0,0.2222222222222222,0.0,0.08641975308641975,0.2222222222222222,0.0,0.08641975308641975,0.7135793547674756,0.0,0.7374694981338363,1,9,13,0,0,baseline,0
3,1.5,,0.1111111111111111,14.301170825134697,125.19748210678722,0.0,0.0,0.0,13110.473574849451,3173.2337451459534,0.46109349590981874,0.0,0.0,0.0,0.0,0.0,0.18968377328978764,0.8787647999999999,0.5102020833333334,0.17001888888888889,1.4210526315789473,0.25925925925925924,0.0,0.12345679012345678,0.25925925925925924,0.0,0.12345679012345678,0.5599359619341798,0.0,0.6772671913350878,1,13,15,0,0,baseline,0
4,2.0,D3,0.14814814814814814,19.827616085691552,180.27953670528348,0.2805964830550648,0.0006197556653453827,0.002203840248221064,8685.20603548645,1158.2114368785235,0.5386071393720997,0.0,0.0,0.0,0.00050644931102941,0.0011560559292051,0.18019958462529825,0.7193624268736712,0.47796358410493833,0.1567207037037037,1.4210526315789473,0.2222222222222222,0.012345679012345678,0.08641975308641975,0.2222222222222222,0.012345679012345678,0.08641975308641975,0.7165047796744854,0.0,0.7027071398542971,1,10,13,0,0,baseline,0
1,0.5,D2,0.12345679012345678,2.8624719091001785,0.0,0.06508977588480645,0.002523910678689245,0.037328399129946156,9949.34881617316,2672.504289796235,0.44946990431159933,0.0,0.0,0.0,0.004317895374449318,0.004915725099788101,0.1714826551929818,0.892,0.5530555555555556,0.20108641975308642,,0.18518518518518517,0.0,0.1111111111111111,0.18518518518518517,0.0,0.1111111111111111,0.7060816794801799,0.0,0.5945699848050474,0,7,17,0,0,baseline,1
2,1.0,,0.08641975308641975,4.730970135332541,28.47566758618613,0.0,0.0,0.0,11135.183351115802,2793.4217281280635,0.44508790125828984,0.0,0.0,0.0,0.0,0.0,0.1629085224333327,0.88496,0.5497854938271606,0.18313827160493826,1.0,0.1728395061728395,0.0,0.09876543209876543,0.1728395061728395,0.0,0.09876543209876543,0.5136059966982266,0.0,0.6956113236554797,0,2,19,0,0,baseline,1
3,1.5,,0.14814814814814814,11.92840053202023,111.97555224834588,0.0,0.0,0.0,10013.786332800186,2959.216457573954,0.40761942597576256,0.0,0.0,0.0,0.0,0.0,0.15476309631166607,0.8787647999999999,0.5454443672839507,0.16852814814814815,1.0833333333333333,0.2222222222222222,0.0,0.1728395061728395,0.2222222222222222,0.0,0.1728395061728395,0.5936253635924398,0.0,0.6670522667648839,0,6,23,0,0,baseline,1
4,2.0,D2,0.1111111111111111,4.727360103130621,23.15418023634237,0.030183875817958814,0.0009770109686001202,0.03135376009329581,10564.44909417534,2820.3006463183833,0.44042098057711115,0.0,0.0,0.0,0.0016090982990147197,0.0017053213898258629,0.14702494149608275,0.8733130239999999,0.542554864969136,0.1544531111111111,1.0769230769230769,0.16049382716049382,0.0,0.13580246913580246,0.16049382716049382,0.0,0.13580246913580246,0.7379895943229033,0.0,0.6200200717210328,0,8,15,0,0,baseline,1
1,0.5,,0.1728395061728395,3.252937746678935,0.0,0.0,0.0,0.0,13082.50084972458,2986.805585542871,0.5035994486304312,0.0,1467.288599255988,1467.288599255988,0.0,0.0,0.2101759260828672,0.892,0.5475000000000001,0.202320987654321,,0.2962962962962963,0.037037037037037035,0.12345679012345678,0.2962962962962963,0.0,0.12345679012345678,0.6114187272140749,0.24583333333333335,0.6358302776762796,0,8,26,3,0,subsidy,0
2,1.0,D2,0.12345679012345678,5.094778578038044,26.566582262039187,0.3075264530643594,0.0071401693178232035,0.022691219245843667,7256.8460859878805,1430.0732486348188,0.4458707241445921,0.0,1455.5444788291409,2922.833078085129,0.020998342475932692,0.011035902991935924,0.19966712977872383,0.88496,0.5090756172839507,0.18517530864197532,,0.18518518518518517,0.024691358024691357,0.04938271604938271,0.18518518518518517,0.0,0.04938271604938271,0.8629928127280674,0.23250000000000004,0.5480393041066006,0,9,9,2,0,subsidy,0
3,1.5,,0.1728395061728395,14.229400860735009,108.21765246245386,0.0,0.0,0.0,13017.421214037233,3173.2337451459534,0.45919515972933717,0.0,2400.53967494233,5323.372753027459,0.0,0.0,0.18968377328978764,0.8787647999999999,0.5073872685185186,0.17097876543209878,1.4444444444444444,0.19753086419753085,0.04938271604938271,0.13580246913580246,0.19753086419753085,0.0,0.13580246913580246,0.8794579301729561,0.24500000000000002,0.6147252526061541,1,14,10,4,0,subsidy,0
4,2.0,D3,0.16049382716049382,19.827616085691552,180.27953670528348,0.2804222911551374,0.0007939475652727904,0.0028232635813828172,8599.375676790194,1158.2114368785235,0.5346949325894315,0.0,2482.4840330468437,7805.856786074302,0.0010847905226739182,0.0013731805661186972,0.18019958462529825,0.7193624268736712,0.4759067939814815,0.15789323456790125,1.4444444444444444,0.2345679012345679,0.037037037037037035,0.08641975308641975,0.2345679012345679,0.012345679012345678,0.08641975308641975,0.6858928509324338,0.275,0.7070732323247784,1,10,14,2,0,subsidy,0
1,0.5,D2,0.14814814814814814,2.8624719091001785,0.0,0.06508279857956176,0.002530887983933952,0.03743159281157087,9860.575408779036,2672.504289796235,0.44612605791487614,0.0,2293.733882831242,2293.733882831242,0.004351579838234277,0.004788342362406942,0.1714826551929818,0.892,0.553425925925926,0.20170370370370372,,0.18518518518518517,0.037037037037037035,0.1111111111111111,0.18518518518518517,0.0,0.1111111111111111,0.690577499181212,0.24583333333333335,0.6368593843149193,0,7,17,3,0,subsidy,1
2,1.0,,0.037037037037037035,2.8703951637058456,0.0,0.0,0.0,0.0,11038.382405804607,2793.4217281280635,0.44237138364923606,0.0,2590.994840973005,4884.728723804247,0.0,0.0,0.1629085224333327,0.88496,0.5507546296296297,0.18245925925925927,1.0,0.16049382716049382,0.04938271604938271,0.04938271604938271,0.16049382716049382,0.0,0.04938271604938271,0.49425427671943684,0.30000000000000004,0.6935811875199449,0,5,12,4,0,subsidy,1
3,1.5,,0.1111111111111111,2.7311224177133426,0.0,0.0,0.0,0.0,9891.913460604199,2959.216457573954,0.4025738194180704,0.0,3302.0889276203698,8186.817651424617,0.0,0.0,0.15476309631166607,0.8787647999999999,0.5482168981481482,0.16699111111111112,1.0,0.1728395061728395,0.06172839506172839,0.1111111111111111,0.1728395061728395,0.0,0.1111111111111111,0.6054083391212606,0.29000000000000004,0.6215409658242915,0,4,19,5,0,subsidy,1
4,2.0,D2,0.1111111111111111,11.469272603008948,63.301621127203084,0.030284085855075242,0.0008768009314836909,0.028137868395385138,10433.808380431332,2820.3006463183833,0.43632239759162966,0.0,6026.328739312366,14213.146390736983,0.0015226112717532862,0.0015788148473192757,0.14702494149608275,0.8733130239999999,0.5451887692901235,0.15306977777777778,1.0,0.20987654320987653,0.024691358024691357,0.1111111111111111,0.20987654320987653,0.0,0.09876543209876543,0.740320666584115,0.18,0.5795692952673636,3,6,15,3,0,subsidy,1
1,0.5,,0.2345679012345679,3.83004258164149,0.0,0.0,0.0,0.0,13150.790837358187,2986.805585542871,0.5037333828484047,0.0,1739.4228739804412,1739.4228739804412,0.0,0.0,0.2101759260828672,0.892,0.5475000000000001,0.2038641975308642,,0.30864197530864196,0.0,0.1728395061728395,0.30864197530864196,0.0,0.1728395061728395,0.6527485551959125,0.0,0.7178879345071885,0,10,29,0,0,voucher,0
2,1.0,D2,0.2222222222222222,15.52810454091963,150.43747894091283,0.29981668541802725,0.01484993696415534,0.04719260292602356,7462.10419453047,1430.0732486348188,0.45314383183542006,0.0,1590.1350384015734,3329.5579123820144,0.03592437885251843,0.02706679724309986,0.19966712977872383,0.88496,0.5184583333333335,0.18903333333333336,1.0,0.25925925925925924,0.0,0.1728395061728395,0.25925925925925924,0.0,0.1728395061728395,0.6504030623657114,0.0,0.7742580864973706,1,9,23,0,0,voucher,0
3,1.5,,0.1111111111111111,9.795195513006647,105.8357566690947,0.0,0.0,0.0,13073.76759064578,3173.2337451459534,0.460804729337929,0.0,1253.7845925860943,4583.342504968108,0.0,0.0,0.18968377328978764,0.8787647999999999,0.5163008487654323,0.1729077777777778,1.368421052631579,0.2716049382716049,0.024691358024691357,0.13580246913580246,0.2716049382716049,0.012345679012345678,0.13580246913580246,0.41339553577425564,0.65,0.7230489718861433,0,5,27,1,0,voucher,0
4,2.0,D3,0.18518518518518517,8.188034413394115,47.919941874182776,0.2797817480446471,0.001434490675763052,0.005101023619013858,8706.250639501957,1158.2114368785235,0.5374958690282741,0.0,1118.4484943981158,5701.790999366224,0.0010606348058383281,0.0006873145027041985,0.18019958462529825,0.7193624268736712,0.48622654706790136,0.16024662962962966,1.368421052631579,0.24691358024691357,0.0,0.14814814814814814,0.24691358024691357,0.0,0.14814814814814814,0.7829710895680422,0.0,0.67694743879769,1,14,16,0,0,voucher,0
1,0.5,D2,0.09876543209876543,3.399010410519648,0.0,0.0649017011284907,0.0027119854350050026,0.040110006906045416,9970.812462218131,2672.504289796235,0.4497464557247158,0.0,1617.7346979974977,1617.7346979974977,0.0056669830681696206,0.005149007234950791,0.1714826551929818,0.892,0.5523148148148148,0.20046913580246914,,0.19753086419753085,0.0,0.12345679012345678,0.19753086419753085,0.0,0.12345679012345678,0.5879819821973034,0.0,0.6307520870210584,0,6,20,0,0,voucher,1
2,1.0,,0.16049382716049382,7.823046298830426,82.79120333507925,0.0,0.0,0.0,11141.68909891326,2793.4217281280635,0.4448185769852488,0.0,1486.8508773557814,3104.585575353279,0.0,0.0,0.1629085224333327,0.88496,0.5478472222222223,0.18443456790123458,1.0,0.2345679012345679,0.0,0.14814814814814814,0.2345679012345679,0.0,0.14814814814814814,0.898535819644118,0.0,0.5687238057736017,2,15,11,0,0,voucher,1
3,1.5,,0.12345679012345678,11.443828079091588,91.77728871338921,0.0,0.0,0.0,10037.181375894164,2959.216457573954,0.4081070111913998,0.0,1564.7009514372596,4669.286526790539,0.0,0.0,0.15476309631166607,0.8787647999999999,0.5442202932098765,0.16907753086419755,1.0833333333333333,0.24691358024691357,0.0,0.13580246913580246,0.24691358024691357,0.0,0.13580246913580246,0.6223207881107954,0.0,0.6343497630359735,1,5,23,0,0,voucher,1
4,2.0,D2,0.1111111111111111,11.730101266441055,113.50051516444069,0.03029998555965208,0.0008609012269068523,0.027627622820997417,10581.90795739337,2820.3006463183833,0.4409398284582321,0.0,1281.6325816051105,5950.919108395649,0.0020977797978160738,0.0018057138068286911,0.14702494149608275,0.8733130239999999,0.5401574266975309,0.15494755555555556,1.0769230769230769,0.16049382716049382,0.0,0.14814814814814814,0.16049382716049382,0.0,0.14814814814814814,0.8022114202039012,0.0,0.6426720262069363,1,12,9,0,0,voucher,1
1,0.5,,0.2345679012345679,3.83004258164149,0.0,0.0,0.0,0.0,13150.790837358187,2986.805585542871,0.5037333828484047,0.0,1739.4228739804412,1739.4228739804412,0.0,0.0,18.67817592608287,0.892,0.5475000000000001,0.2038641975308642,,0.30864197530864196,0.0,0.1728395061728395,0.30864197530864196,0.0,0.1728395061728395,0.6527485551959125,0.0,0.7178879345071885,0,10,29,0,0,voucher_plus_capacity,0
2,1.0,D2,0.2716049382716049,1.0110494962422136,0.0,0.2960703525218958,0.018596269860286806,0.05909832355114059,7668.77091172551,1430.0732486348188,0.46273907793538266,0.0,1724.9274030561503,3464.3502770365913,0.038317797833299395,0.031621378159916565,36.21226712977872,0.88496,0.5231496913580248,0.1902679012345679,1.0,0.2839506172839506,0.0,0.19753086419753085,0.2839506172839506,0.0,0.19753086419753085,0.745149672391941,0.0,0.7193676794025246,4,17,18,0,0,voucher_plus_capacity,0
3,1.5,,0.2716049382716049,1.002599040540672,0.0,0.0,0.0,0.0,13093.744681992152,3173.2337451459534,0.460777896838927,0.0,1806.448530299261,5270.798807335852,0.0,0.0,52.869653773289784,0.8787647999999999,0.5219922067901236,0.17803123456790124,1.368421052631579,0.30864197530864196,0.012345679012345678,0.19753086419753085,0.30864197530864196,0.012345679012345678,0.19753086419753085,0.7260198315905056,1.0,0.7023219044747819,3,17,22,0,0,voucher_plus_capacity,0
4,2.0,D3,0.2222222222222222,1.000408911852171,0.0,0.27928416493668035,0.0019320737837297986,0.0068704204014715465,8707.017269826898,1158.2114368785235,0.5385701024535905,0.0,1800.851361443604,7071.650168779456,0.0031655725400278915,0.002346699682955666,68.6941710846253,0.7193624268736712,0.49422592978395075,0.16578366666666666,1.368421052631579,0.2716049382716049,0.012345679012345678,0.19753086419753085,0.2716049382716049,0.0,0.19753086419753085,0.6790949281668575,0.30000000000000004,0.7000672934301427,2,15,21,1,0,voucher_plus_capacity,0
1,0.5,D2,0.09876543209876543,3.399010410519648,0.0,0.0649017011284907,0.0027119854350050026,0.040110006906045416,9970.812462218131,2672.504289796235,0.4497464557247158,0.0,1617.7346979974977,1617.7346979974977,0.0056669830681696206,0.005149007234950791,18.63948265519298,0.892,0.5523148148148148,0.20046913580246914,,0.19753086419753085,0.0,0.12345679012345678,0.19753086419753085,0.0,0.12345679012345678,0.5879819821973034,0.0,0.6307520870210584,0,6,20,0,0,voucher_plus_capacity,1
2,1.0,,0.13580246913580246,1.0019346170447458,0.0,0.0,0.0,0.0,11113.98872624631,2732.253917141894,0.4470475760235466,0.0,1954.4323865421343,3572.167084539632,0.0,0.0,36.17550852243333,0.88496,0.549699074074074,0.1838172839506173,1.0,0.25925925925925924,0.012345679012345678,0.14814814814814814,0.25925925925925924,0.0,0.14814814814814814,0.5474658890568046,0.30000000000000004,0.6095529372255388,0,5,28,1,0,voucher_plus_capacity,1
3,1.5,,0.1111111111111111,1.0002202229430308,0.0,0.0,0.0,0.0,10035.137190916632,2959.216457573954,0.4081110587627844,0.0,1882.5573280110616,5454.724412550693,0.0,0.0,52.83473309631166,0.8787647999999999,0.5472141203703703,0.16821333333333335,1.0833333333333333,0.2345679012345679,0.0,0.1728395061728395,0.2345679012345679,0.0,0.1728395061728395,0.5763877355366397,0.0,0.6095465199567627,1,3,29,0,0,voucher_plus_capacity,1
4,2.0,D2,0.16049382716049382,1.0003005632905047,0.0,0.03027934022575223,0.0008815465608067038,0.028290162819979616,10555.164697311066,2820.3006463183833,0.44011695189465033,0.0,1552.3467864521433,7007.071199002837,0.0013956081745775974,0.0013566338074282437,68.66099644149608,0.8733130239999999,0.5448534143518518,0.15540434567901237,1.0769230769230769,0.19753086419753085,0.012345679012345678,0.14814814814814814,0.19753086419753085,0.0,0.14814814814814814,0.6114812600166999,0.25,0.598139947652467,0,4,24,1,0,voucher_plus_capacity,1
1,0.5,,0.16049382716049382,3.252937746678935,0.0,0.0,0.0,0.0,13139.862672239056,2986.805585542871,0.5037922431804086,0.0,0.0,0.0,0.0,0.0,0.2101759260828672,0.892,0.5475000000000001,0.3330123456790123,,0.2962962962962963,0.0,0.12345679012345678,0.2962962962962963,0.0,0.12345679012345678,0.5641650910368223,0.0,0.6719414931403752,0,8,26,0,0,training_maintenance,0
2,1.0,D2,0.13580246913580246,5.248392090940749,60.29771058827108,0.3060506705463936,0.008615951835789021,0.027381206721456462,7295.081637309527,1430.0732486348188,0.46301907943789194,0.0,0.0,0.0,0.022044388722678783,0.013907440567155526,0.19966712977872383,0.88496,0.5130262345679013,0.4397567901234567,1.0,0.16049382716049382,0.0,0.12345679012345678,0.16049382716049382,0.0,0.12345679012345678,0.6797911163738635,0.0,0.6251028379472894,0,11,11,0,0,training_maintenance,0
3,1.5,,0.20987654320987653,13.38543014034466,206.65459969359276,0.0,0.0,0.0,13091.026408905413,3173.2337451459534,0.4611564342205908,0.0,0.0,0.0,0.0,0.0,0.18968377328978764,0.8787647999999999,0.5092885030864198,0.5430158641975307,1.4210526315789473,0.19753086419753085,0.012345679012345678,0.2222222222222222,0.19753086419753085,0.012345679012345678,0.2222222222222222,0.777135912786179,0.7757881113593152,0.617971720466842,0,17,13,0,0,training_maintenance,0
4,2.0,D3,0.12345679012345678,4.587369469354296,58.58131815365155,0.2798678974606499,0.0013483412597602642,0.0047946778105542025,8692.930732473851,1158.2114368785235,0.5386559005064948,0.0,0.0,0.0,0.0025365294194105276,0.0021124610005954668,0.18019958462529825,0.7193624268736712,0.47870062114197537,0.6389514907407405,1.4210526315789473,0.18518518518518517,0.012345679012345678,0.16049382716049382,0.18518518518518517,0.012345679012345678,0.16049382716049382,0.44135976442755903,0.0,0.7186984042617817,0,5,22,0,0,training_maintenance,0
1,0.5,D2,0.12345679012345678,2.8624719091001785,0.0,0.06508977588480645,0.002523910678689245,0.037328399129946156,9949.34881617316,2672.504289796235,0.44946990431159933,0.0,0.0,0.0,0.004317895374449318,0.004915725099788101,0.1714826551929818,0.892,0.5530555555555556,0.3320864197530864,,0.18518518518518517,0.0,0.1111111111111111,0.18518518518518517,0.0,0.1111111111111111,0.7060816794801799,0.0,0.5945699848050474,0,7,17,0,0,training_maintenance,1
2,1.0,,0.1728395061728395,13.510115326719996,113.50051516444069,0.0,0.0,0.0,11127.58059696869,2793.4217281280635,0.4447350823745916,0.0,0.0,0.0,0.0,0.0,0.1629085224333327,0.88496,0.548550925925926,0.4398030864197531,1.0,0.2345679012345679,0.0,0.12345679012345678,0.2345679012345679,0.0,0.12345679012345678,0.8281875194640012,0.0,0.5120722842492526,2,8,16,0,0,training_maintenance,1
3,1.5,,0.1728395061728395,5.114045129127458,26.059106072718137,0.0,0.0,0.0,10025.429722510527,2959.216457573954,0.4081770157703669,0.0,0.0,0.0,0.0,0.0,0.15476309631166607,0.8787647999999999,0.5455060956790124,0.5421339197530864,1.0833333333333333,0.25925925925925924,0.0,0.09876543209876543,0.25925925925925924,0.0,0.09876543209876543,0.7434075697384449,0.0,0.6067381091888973,1,9,18,0,0,training_maintenance,1
4,2.0,D2,0.19753086419753085,5.6818736227621285,26.059106072718137,0.029980137743307187,0.0011807490432517503,0.03789202314232788,10568.190595748294,2820.3006463183833,0.4406710191482692,0.0,0.0,0.0,0.0025310319964385506,0.0023072053383229275,0.14702494149608275,0.8733130239999999,0.5429838773148149,0.6399654953703704,1.0769230769230769,0.2716049382716049,0.0,0.13580246913580246,0.2716049382716049,0.0,0.13580246913580246,0.8285374083389883,0.0,0.6120506233665863,1,15,16,0,0,training_maintenance,1
1,0.5,,0.16049382716049382,4.881977379769719,18.223586421250033,0.0,0.0,0.0,13144.879463695288,2986.805585542871,0.5038334641257219,0.0,0.0,0.0,0.0,0.0,0.2101759260828672,0.892,0.5468827160493828,0.20201234567901236,,0.2716049382716049,0.0,0.1111111111111111,0.2716049382716049,0.0,0.1111111111111111,0.604220223148003,0.0,0.7179742470741469,0,8,22,0,0,warning_response,0
2,1.0,D2,0.06172839506172839,15.377722344063477,130.9809900207388,0.3103384906711632,0.0043281317110193665,0.013754657797046476,7230.405590246395,1430.0732486348188,0.44606908596882766,0.0,0.0,0.0,0.009532719543741727,0.006852800856187928,0.19966712977872383,0.88496,0.5051558641975309,0.18335432098765433,1.0,0.13580246913580246,0.0,0.07407407407407407,0.13580246913580246,0.0,0.07407407407407407,0.5747853375329369,0.0,0.7119342748905617,1,6,7,0,0,warning_response,0
3,1.5,,0.1111111111111111,13.548735799081213,90.62131634468508,0.0,0.0,0.0,13125.492377751414,3173.2337451459534,0.4614637829075095,0.0,0.0,0.0,0.0,0.0,0.18968377328978764,0.8787647999999999,0.5036635030864198,0.16779666666666668,1.4210526315789473,0.1728395061728395,0.012345679012345678,0.07407407407407407,0.1728395061728395,0.012345679012345678,0.07407407407407407,0.7442027280622351,0.0,0.5931391273639232,0,12,7,0,0,warning_response,0
4,2.0,D3,0.09876543209876543,4.294951943583216,18.350161024008486,0.28068550876629605,0.0005307299541141423,0.0018872663845056355,8687.897287443626,1158.2114368785235,0.5384583608867538,0.0,0.0,0.0,0.001235755255564675,0.0007013746045096804,0.18019958462529825,0.7193624268736712,0.4699000810185186,0.15348613580246914,1.4210526315789473,0.1728395061728395,0.0,0.06172839506172839,0.1728395061728395,0.0,0.06172839506172839,0.7058522631234132,0.0,0.7957773061123797,0,11,7,0,0,warning_response,0
1,0.5,D2,0.1111111111111111,4.312920698561865,21.558564277281153,0.06541988778064127,0.002193798782854417,0.03244607555593395,9947.508054369182,2672.504289796235,0.44948261059815897,0.0,0.0,0.0,0.00396087352821352,0.004106928049084628,0.1714826551929818,0.892,0.552067901234568,0.20077777777777778,,0.18518518518518517,0.0,0.09876543209876543,0.18518518518518517,0.0,0.09876543209876543,0.7722828870320717,0.0,0.612915581053857,2,8,12,0,0,warning_response,1
2,1.0,,0.13580246913580246,6.860936998984047,40.25669963177646,0.0,0.0,0.0,11136.8893625081,2793.4217281280635,0.4450814934549093,0.0,0.0,0.0,0.0,0.0,0.1629085224333327,0.88496,0.5482299382716049,0.18409506172839507,1.0,0.19753086419753085,0.0,0.08641975308641975,0.19753086419753085,0.0,0.08641975308641975,0.848560452744093,0.0,0.45644238694778255,2,8,11,0,0,warning_response,1
3,1.5,,0.12345679012345678,12.175706335597743,103.55832075897955,0.0,0.0,0.0,10008.982454078432,2959.216457573954,0.40760688086800306,0.0,0.0,0.0,0.0,0.0,0.15476309631166607,0.8787647999999999,0.5439665895061728,0.168771975308642,1.0833333333333333,0.1728395061728395,0.012345679012345678,0.12345679012345678,0.1728395061728395,0.012345679012345678,0.12345679012345678,0.7840271754551065,0.6873206284426889,0.6481081396713845,1,7,14,0,0,warning_response,1
4,2.0,D2,0.06172839506172839,7.810265212402238,45.531775919163806,0.030621521505354198,0.0005393652812047361,0.017309047874638415,10544.042427107028,2820.3006463183833,0.43977111746777287,0.0,0.0,0.0,0.0016122605545833722,0.0010878355531931,0.14702494149608275,0.8733130239999999,0.5405336921296297,0.153437987654321,1.0769230769230769,0.12345679012345678,0.012345679012345678,0.09876543209876543,0.12345679012345678,0.012345679012345678,0.09876543209876543,0.7679699315281033,0.6873206284426889,0.6388993397145942,0,6,11,0,0,warning_response,1
1,0.5,,0.16049382716049382,3.252937746678935,0.0,0.0,0.0,0.0,12797.949682439175,2827.5716872059793,0.5058035735534732,0.0,64621.555072177245,64621.555072177245,0.0,0.0,0.2101759260828672,0.892,0.5475000000000001,0.20201234567901236,,0.2962962962962963,0.0,0.12345679012345678,0.2962962962962963,0.0,0.12345679012345678,0.5641650910368223,0.0,0.6719414931403752,0,8,26,0,0,insurance,0
2,1.0,D2,0.16049382716049382,9.953595099300983,97.5689883298571,0.30629724221558263,0.008369380166599976,0.02659761020485621,6976.939192574466,1358.0294017785686,0.43045347121600336,0.0,64621.555072177245,129243.11014435449,0.018342161587191593,0.015388069057794246,0.19966712977872383,0.88496,0.5120385802469136,0.18582345679012346,1.0,0.2222222222222222,0.0,0.08641975308641975,0.2222222222222222,0.0,0.08641975308641975,0.7135793547674756,0.0,0.7374694981338363,1,9,13,0,0,insurance,0
3,1.5,,0.1111111111111111,14.301170825134697,125.19748210678722,0.0,0.0,0.0,15385.753878558391,3874.539929650367,0.45525971388909914,0.0,64621.555072177245,193864.66521653172,0.0,0.0,0.18968377328978764,0.8787647999999999,0.5102020833333334,0.17001888888888889,1.4444444444444444,0.25925925925925924,0.0,0.12345679012345678,0.25925925925925924,0.0,0.12345679012345678,0.5599359619341798,0.0,0.6772671913350878,1,13,15,0,0,insurance,0
4,2.0,D3,0.14814814814814814,19.827616085691552,180.27953670528348,0.2805964830550648,0.0006197556653453827,0.002203840248221064,8343.293045686569,1041.878058736985,0.5385468981568531,0.0,64621.555072177245,258486.22028870898,0.00050644931102941,0.0011560559292051,0.18019958462529825,0.7193624268736712,0.47796358410493833,0.1567207037037037,1.4444444444444444,0.2222222222222222,0.012345679012345678,0.08641975308641975,0.2222222222222222,0.012345679012345678,0.08641975308641975,0.7165047796744854,0.0,0.7027071398542971,1,10,13,0,0,insurance,0
1,0.5,D2,0.12345679012345678,2.8624719091001785,0.0,0.06508977588480645,0.002523910678689245,0.037328399129946156,9670.381817294625,2572.0841830058835,0.451335434225008,0.0,52724.762788043125,52724.762788043125,0.004317895374449318,0.004915725099788101,0.1714826551929818,0.892,0.5530555555555556,0.20108641975308642,,0.18518518518518517,0.0,0.1111111111111111,0.18518518518518517,0.0,0.1111111111111111,0.7060816794801799,0.0,0.5945699848050474,0,7,17,0,0,insurance,1
2,1.0,,0.08641975308641975,4.730970135332541,28.47566758618613,0.0,0.0,0.0,10856.216352237267,2707.979724439211,0.4468534480578078,0.0,52724.762788043125,105449.52557608625,0.0,0.0,0.1629085224333327,0.88496,0.5497854938271606,0.18313827160493826,1.0,0.1728395061728395,0.0,0.09876543209876543,0.1728395061728395,0.0,0.09876543209876543,0.5136059966982266,0.0,0.6956113236554797,0,2,19,0,0,insurance,1
3,1.5,,0.14814814814814814,11.92840053202023,111.97555224834588,0.0,0.0,0.0,9734.819333921654,2874.204249971078,0.40843482172518475,0.0,52724.762788043125,158174.28836412937,0.0,0.0,0.15476309631166607,0.8787647999999999,0.5454443672839507,0.16852814814814815,1.0833333333333333,0.2222222222222222,0.0,0.1728395061728395,0.2222222222222222,0.0,0.1728395061728395,0.5936253635924398,0.0,0.6670522667648839,0,6,23,0,0,insurance,1
4,2.0,D2,0.1111111111111111,4.727360103130621,23.15418023634237,0.030183875817958814,0.0009770109686001202,0.03135376009329581,10285.482095296804,2747.9859236313146,0.44194221090287883,0.0,52724.762788043125,210899.0511521725,0.0016090982990147197,0.0017053213898258629,0.14702494149608275,0.8733130239999999,0.542554864969136,0.1544531111111111,1.0769230769230769,0.16049382716049382,0.0,0.13580246913580246,0.16049382716049382,0.0,0.13580246913580246,0.7379895943229033,0.0,0.6200200717210328,0,8,15,0,0,insurance,1
1,0.5,,0.2222222222222222,3.148066875622051,0.0,0.0,0.0,0.0,13137.953463342268,2986.805585542871,0.5038198732358163,0.0,0.0,0.0,0.0,0.0,0.2101759260828672,0.892,0.5475000000000001,0.20355555555555557,,0.32098765432098764,0.0,0.13580246913580246,0.32098765432098764,0.0,0.13580246913580246,0.5955622409916724,0.0,0.7036300060873416,0,9,28,0,0,mountain_equity,0
2,1.0,D2,0.13580246913580246,11.887882720074293,90.13976835264174,0.3042060345175574,0.01046058786462519,0.033243398316076055,7373.342249417814,1430.0732486348188,0.4518480530593762,0.0,0.0,0.0,0.030243430582620173,0.010782190428833861,0.19966712977872383,0.88496,0.515125,0.18659506172839507,1.0,0.2839506172839506,0.0,0.1111111111111111,0.2839506172839506,0.0,0.1111111111111111,0.5196255339456175,0.0,0.7587836152321259,2,7,22,0,0,mountain_equity,0
3,1.5,,0.18518518518518517,3.176999935402539,0.0,0.0,0.0,0.0,13077.926189040672,3173.2337451459534,0.460269089645761,0.0,0.0,0.0,0.0,0.0,0.18968377328978764,0.8787647999999999,0.51436875,0.17256518518518518,1.368421052631579,0.24691358024691357,0.012345679012345678,0.13580246913580246,0.24691358024691357,0.012345679012345678,0.13580246913580246,0.7050973857356,0.4460305025286873,0.7268434963735477,0,11,21,0,0,mountain_equity,0
4,2.0,D3,0.12345679012345678,14.96198168624622,150.88274219452398,0.2803685104651959,0.0008477282552142581,0.0030145067691381916,8684.059613839736,1158.2114368785235,0.5381442631660135,0.0,0.0,0.0,0.0005842782178831549,0.0006941798978007456,0.18019958462529825,0.7193624268736712,0.48155154706790126,0.15839508641975308,1.368421052631579,0.2222222222222222,0.0,0.13580246913580246,0.2222222222222222,0.0,0.13580246913580246,0.728453207674713,0.0,0.5282831434931857,0,15,11,0,0,mountain_equity,0
1,0.5,D2,0.09876543209876543,2.806776836387163,0.0,0.06528324774058662,0.0023304388229090783,0.034466968765570476,9944.595321915014,2672.504289796235,0.449415625874184,0.0,0.0,0.0,0.0040614746338482055,0.004587139695513637,0.1714826551929818,0.892,0.5519444444444445,0.20046913580246914,,0.19753086419753085,0.0,0.1111111111111111,0.19753086419753085,0.0,0.1111111111111111,0.49853922475823154,0.0,0.5948537093196022,0,4,21,0,0,mountain_equity,1
2,1.0,,0.1111111111111111,4.292633813203707,23.15418023634237,0.0,0.0,0.0,11125.222325135583,2793.4217281280635,0.4445706755712051,0.0,0.0,0.0,0.0,0.0,0.1629085224333327,0.88496,0.548729938271605,0.1832,1.0,0.1728395061728395,0.0,0.1111111111111111,0.1728395061728395,0.0,0.1111111111111111,0.7330430816897452,0.0,0.6133894809214704,1,9,12,0,0,mountain_equity,1
3,1.5,,0.1111111111111111,4.014553172938462,23.15418023634237,0.0,0.0,0.0,10008.111971487788,2959.216457573954,0.4077786496857644,0.0,0.0,0.0,0.0,0.0,0.15476309631166607,0.8787647999999999,0.5456761574074075,0.16765777777777777,1.0833333333333333,0.2345679012345679,0.012345679012345678,0.08641975308641975,0.2345679012345679,0.0,0.08641975308641975,0.7854676544645979,0.25,0.615437342217266,1,10,14,1,0,mountain_equity,1
4,2.0,D2,0.16049382716049382,4.600791506880298,24.881595725039414,0.03000958751620675,0.0011512992703521842,0.03694693537568996,10568.066945360786,2820.3006463183833,0.4405036822048286,0.0,0.0,0.0,0.0007914075394541228,0.0014961497412744925,0.14702494149608275,0.8733130239999999,0.5435158063271606,0.15490434567901235,1.0769230769230769,0.19753086419753085,0.0,0.13580246913580246,0.19753086419753085,0.0,0.13580246913580246,0.7657963359282862,0.0,0.6658127407999531,2,10,14,0,0,mountain_equity,1
1,0.5,,0.19753086419753085,4.106864497331501,0.0,0.0,0.0,0.0,13150.752183629711,2986.805585542871,0.5037353391420509,0.0,1036.7150280472902,1036.7150280472902,0.0,0.0,12.522175926082866,0.892,0.5475000000000001,0.3339382716049382,,0.2962962962962963,0.0,0.13580246913580246,0.2962962962962963,0.0,0.13580246913580246,0.5755740960106205,0.0,0.7445390969964325,0,8,27,0,0,integrated,0
2,1.0,D2,0.19753086419753085,1.0086073903186794,0.0,0.29658231924140677,0.01808430314077584,0.05747131044236178,7569.331162664831,1430.0732486348188,0.45991445746530035,0.0,1048.5708548755783,2085.2858829228685,0.03227078539825197,0.028769343562096084,24.208067129778723,0.88496,0.5222854938271606,0.4421796296296296,1.0,0.30864197530864196,0.012345679012345678,0.1728395061728395,0.30864197530864196,0.012345679012345678,0.1728395061728395,0.5217571768363676,0.6809935322693653,0.7921488017226709,1,12,27,0,0,integrated,0
3,1.5,,0.2839506172839506,1.0201521554745405,0.0,0.0,0.0,0.0,12976.718217066807,3173.2337451459534,0.45732430979570216,0.0,1931.9754778465147,4017.261360769383,0.0,0.0,35.309663773289785,0.8787647999999999,0.5211712191358026,0.5471694135802468,1.368421052631579,0.2962962962962963,0.037037037037037035,0.25925925925925924,0.2962962962962963,0.024691358024691357,0.25925925925925924,0.6026106040560656,0.5577684394179051,0.6964519733631928,2,22,23,1,0,integrated,0
4,2.0,D3,0.2345679012345679,1.0015967363122962,0.0,0.2795797544859851,0.0016364842344250706,0.005819309161773159,8632.456556550576,1158.2114368785235,0.5349702352256521,0.0,1055.3162061803564,5072.57756694974,0.0033273777908292344,0.002724872271288918,45.85618058462529,0.7193624268736712,0.49097685570987665,0.6456751404320987,1.368421052631579,0.24691358024691357,0.024691358024691357,0.12345679012345678,0.24691358024691357,0.024691358024691357,0.12345679012345678,0.7540864653228322,0.8159928262404097,0.7375703737894221,0,19,13,0,0,integrated,0
1,0.5,D2,0.12345679012345678,3.5778510321072026,0.0,0.06508815295119949,0.0025255336122962076,0.037352402163791064,9963.035056146075,2672.504289796235,0.4496523686363508,0.0,1105.603547076572,1105.603547076572,0.004320528129964096,0.004918675608915336,12.483482655192983,0.892,0.5530555555555556,0.3320864197530864,,0.18518518518518517,0.0,0.1111111111111111,0.18518518518518517,0.0,0.1111111111111111,0.7060816794801799,0.0,0.5945699848050474,0,7,17,0,0,integrated,1
2,1.0,,0.2839506172839506,1.0116732332025504,0.0,0.0,0.0,0.0,11123.877147856434,2793.4217281280635,0.4442035017126519,0.0,1591.6396029013808,2697.243149977953,0.0,0.0,24.171308522433332,0.88496,0.5504027777777778,0.44258086419753084,1.0,0.30864197530864196,0.0,0.1728395061728395,0.30864197530864196,0.0,0.1728395061728395,0.6480323137446757,0.0,0.6049005473282548,0,3,36,0,0,integrated,1
3,1.5,,0.16049382716049382,1.0014194802921168,0.0,0.0,0.0,0.0,10025.579809041636,2959.216457573954,0.4078224654564505,0.0,1581.7783316179186,4279.021481595872,0.0,0.0,35.27474309631166,0.8787647999999999,0.5478826388888889,0.5444641666666666,1.0,0.24691358024691357,0.0,0.18518518518518517,0.24691358024691357,0.0,0.18518518518518517,0.5198119685899624,0.0,0.5948082751219252,0,5,30,0,0,integrated,1
4,2.0,D2,0.2345679012345679,1.0010780292740855,0.0,0.02965761220051734,0.001503274586041592,0.048242355756384345,10579.713627906387,2820.3006463183833,0.4406082195475049,0.0,1651.4881279898684,5930.50960958574,0.0026894508356270744,0.002797277858438431,45.82300594149608,0.8733130239999999,0.5454885069444444,0.6431051558641975,1.0,0.2716049382716049,0.0,0.19753086419753085,0.2716049382716049,0.0,0.19753086419753085,0.645570150551942,0.0,0.6827105964287079,0,10,28,0,0,integrated,1
