rep,seed,scenario,mitigation_rate,effective_use_rate,mean_wait_days,income_p10,equity_gap,mountain_gap,fiscal_cumulative
0,81001,baseline,0.023116522519144492,0.11833333333333333,7.392113680696525,2273.4117911064236,2.1860444010215653e-05,2.7103664253550728e-05,0.0
0,81001,subsidy,0.018279370393022396,0.12833333333333333,7.834912761567853,2282.821081872324,3.244779533702168e-05,2.7019264845447693e-05,48883.62081065198
0,81001,voucher,0.018103648785159337,0.14333333333333334,8.750752828003067,2282.821081872324,2.7911071027721818e-05,2.9982368542798478e-05,9412.822460960553
0,81001,voucher_plus_capacity,0.029712054101332857,0.20833333333333334,2.4173643262646745,2282.821081872324,6.722842332388235e-05,5.4896988120025904e-05,13608.282025976907
0,81001,training_maintenance,0.02495423949903311,0.12333333333333334,8.916479108548714,2282.821081872324,3.0944241644804e-05,2.491382104457353e-05,0.0
0,81001,warning_response,0.012718974730048618,0.11666666666666665,11.218788757300239,2282.821081872324,1.825372943528102e-05,1.4507956911367948e-05,0.0
0,81001,insurance,0.023116522519144492,0.11833333333333333,7.392113680696525,2190.448347402291,2.1860444010215653e-05,2.7103664253550728e-05,416807.3837834476
0,81001,mountain_equity,0.0160510354751149,0.14,6.963139514823973,2282.741645241728,3.4363763620526115e-05,2.907884454641694e-05,0.0
0,81001,integrated,0.03303631594042418,0.23666666666666666,2.662261086852569,2282.821081872324,7.478002415798078e-05,4.6664005202253104e-05,9362.944838148995
1,81002,baseline,0.034746775768161084,0.09166666666666667,8.331245675897856,2333.9339710028767,0.001399785843382216,0.0010370298728077335,0.0
1,81002,subsidy,0.040573190005047034,0.09666666666666666,6.444280911451014,2333.9339710028767,0.0021364238361258063,0.0016463508568532615,20060.314317821652
1,81002,voucher,0.050339721835319366,0.09999999999999999,11.850932410190088,2333.9339710028767,0.0025721892403621533,0.0020094599485548374,8797.410308561983
1,81002,voucher_plus_capacity,0.047693341610418626,0.14333333333333334,1.423910780564558,2334.725014549661,0.0016731383185822337,0.0015650570602170082,11317.8027598259
1,81002,training_maintenance,0.036485571440311886,0.10833333333333334,8.95054380235642,2333.9339710028767,0.002556712651904462,0.0017130099376411179,0.0
1,81002,warning_response,0.03171091525649535,0.07666666666666666,10.754100309939593,2333.9339710028767,0.0015908406175675494,0.0010994126793078941,0.0
1,81002,insurance,0.034890530747248565,0.09833333333333334,7.56896808337569,2344.058767226434,0.001399785843382216,0.0010370422277617985,427518.8503880367
1,81002,mountain_equity,0.032874245683722284,0.08,8.6715537167253,2333.9339710028767,0.0013568133778960872,0.0009654564809584977,0.0
1,81002,integrated,0.0409941054978914,0.14833333333333334,1.5686857045652218,2333.9339710028767,0.0017457975137855864,0.0014287085244107072,7699.53123425071
2,81003,baseline,0.026969560978689133,0.061666666666666675,10.162256084858397,3295.701738002035,0.00018144282131332158,0.0002532148286993384,0.0
2,81003,subsidy,0.0319096690988644,0.06833333333333334,6.9456240636913265,3295.5704669589154,0.0002515574343178917,0.00019976089202010763,33998.42823139802
2,81003,voucher,0.033749656702933374,0.085,10.080677920877008,3295.701738002035,0.0003530075770716965,0.000259744746247771,11037.520283052674
2,81003,voucher_plus_capacity,0.03130692913638241,0.10166666666666667,1.467039734417762,3295.701738002035,0.00028201044701519273,0.0002907576623737876,12567.611048306817
2,81003,training_maintenance,0.026623829489230717,0.09166666666666667,4.6401240039059894,3295.701738002035,0.00024460015745731735,0.00019168601120525148,0.0
2,81003,warning_response,0.017001045656481115,0.03666666666666667,12.436564472191039,3295.701738002035,0.00013271233241623448,7.754345612302623e-05,0.0
2,81003,insurance,0.026969560978689133,0.061666666666666675,10.162256084858397,3196.4761233055942,0.00018144282131332158,0.0002532148286993384,447013.96486878564
2,81003,mountain_equity,0.023671149291527593,0.08166666666666667,7.880488191818126,3295.549925956441,0.00023394670200745107,0.00016354779912623147,0.0
2,81003,integrated,0.03681486670550099,0.12000000000000001,1.7642893842444431,3295.701738002035,0.00033606520547140847,0.000333673235144932,9307.487342098917
3,81004,baseline,0.012269344506950157,0.13166666666666668,8.935269783145777,2943.3185070100694,0.0007153766281430409,0.0006549908241639014,0.0
3,81004,subsidy,0.010091099422751288,0.09333333333333332,6.068023078232951,2943.3966450415064,0.00046828890473073664,0.00048462465842848574,20648.877622069405
3,81004,voucher,0.018913369769635268,0.14333333333333334,7.946130944524171,2943.3966450415064,0.0011044709822451554,0.0008110168512145627,11043.659113288939
3,81004,voucher_plus_capacity,0.020495831403156414,0.125,3.194078001425618,2940.3112273265247,0.0012036772853556458,0.000931821527748579,12216.056981573927
3,81004,training_maintenance,0.01218248613576818,0.13166666666666668,6.783187344390998,2943.3966450415064,0.0007116005911099605,0.0005604792264525361,0.0
3,81004,warning_response,0.010257842466140515,0.09500000000000001,8.211277589757517,2943.3966450415064,0.0008157620947320036,0.0004812895896333978,0.0
3,81004,insurance,0.012269344506950157,0.13166666666666668,8.935269783145777,2860.4630295940187,0.0007153766281430409,0.0006549908241639014,394468.56488256063
3,81004,mountain_equity,0.013993716244972509,0.12666666666666668,7.726040810507134,2943.2151509689043,0.0006538625851802022,0.0005957205995761937,0.0
3,81004,integrated,0.013682941618457832,0.14666666666666667,2.7966182194712133,2943.3966450415064,0.0006703410040619973,0.0005152290527458771,7862.272686357552
4,81005,baseline,0.02597577561894031,0.12333333333333331,9.04268379214773,2559.8996107987746,0.00031978315797844627,0.0002015312822284701,0.0
4,81005,subsidy,0.030425997781626555,0.11666666666666668,7.675470422015553,2559.8996107987746,0.00032198953589698966,0.0001971866523788959,17755.398236622677
4,81005,voucher,0.033951294371181294,0.165,11.072471724119026,2559.8996107987746,0.0002879308074850414,0.00020672691225657073,9978.051937191654
4,81005,voucher_plus_capacity,0.03868775622708994,0.15666666666666668,3.0244118671004165,2559.8996107987746,0.0002938135986441877,0.00020979099070980823,11238.16685210141
4,81005,training_maintenance,0.028693138653961805,0.15833333333333335,7.055151152548717,2559.8996107987746,0.0003220300022302481,0.0002032356355736555,0.0
4,81005,warning_response,0.026177027571914913,0.11333333333333336,9.814167998662391,2559.8996107987746,0.00031511481614301257,0.0001995474299351747,0.0
4,81005,insurance,0.02597577561894031,0.12333333333333331,9.04268379214773,2523.8073282225328,0.00031978315797844627,0.0002015312822284701,399483.14295230794
4,81005,mountain_equity,0.02968797283210978,0.1416666666666667,8.746148898074969,2559.8996107987746,0.00025560029848512353,0.00016803088319110941,0.0
4,81005,integrated,0.04315888872504064,0.19666666666666666,3.463375899009422,2559.8996107987746,0.00027273270767900137,0.0002111555545526346,9589.18594974938
5,81006,baseline,0.015830930503141244,0.145,8.037598197915004,2014.4942895643574,2.8094916319399985e-05,2.514292140370736e-05,0.0
5,81006,subsidy,0.013480896675706016,0.14833333333333334,7.12449128478647,2014.4942895643574,2.888619188826422e-05,2.718563642651556e-05,22559.640181226838
5,81006,voucher,0.020117383716007423,0.16333333333333333,8.525063002410597,2014.4942895643574,4.5278953819670235e-05,3.290600033306885e-05,10554.327552867297
5,81006,voucher_plus_capacity,0.025863639172299936,0.20833333333333334,1.906038908046457,2014.4942895643574,4.686940495441836e-05,3.6251362395620696e-05,12243.422825594422
5,81006,training_maintenance,0.01588041936664783,0.16833333333333333,10.02084324900896,2014.4942895643574,2.7059092068146167e-05,2.4265645320444934e-05,0.0
5,81006,warning_response,0.014916726601023063,0.11833333333333333,9.138667091972676,2014.4942895643574,2.919538976514538e-05,2.624825124212782e-05,0.0
5,81006,insurance,0.015830930503141244,0.145,8.037598197915004,1957.1979975615607,2.8094916319399985e-05,2.514292140370736e-05,398340.63440759474
5,81006,mountain_equity,0.014801465154376461,0.14333333333333334,7.675278599708044,2014.4942895643574,-4.98882807692928e-05,2.4865978614939156e-05,0.0
5,81006,integrated,0.01929861164511946,0.22666666666666666,1.675609639298388,2014.4942895643574,3.6863444994671465e-05,3.2281463645016116e-05,8320.31991296887
6,81007,baseline,0.0096742626847572,0.085,8.990493352313194,2187.7558996284965,0.002512529157220384,0.0014829952102729466,0.0
6,81007,subsidy,0.013038820054988543,0.09666666666666668,8.016326575238134,2187.7558996284965,0.0036556679313668387,0.002061837738210404,39942.98884488755
6,81007,voucher,0.01903182081945438,0.11,11.309646637112557,2187.7558996284965,0.0028593623728115406,0.0029736889520902226,9406.7380876633
6,81007,voucher_plus_capacity,0.022369474201151762,0.21666666666666667,1.7331843014300945,2187.7558996284965,0.003277273053156835,0.0032700060224315815,12612.739641649852
6,81007,training_maintenance,0.011030545424013846,0.09666666666666668,9.41933498044095,2187.7558996284965,0.002590715524168017,0.001562111848109122,0.0
6,81007,warning_response,0.010924703681540018,0.055,11.80790264291946,2187.7558996284965,0.0020430856319014414,0.0017020430361693924,0.0
6,81007,insurance,0.0096742626847572,0.085,8.990493352313194,2123.145241645086,0.002512529157220384,0.0014829952102729466,425958.29873606714
6,81007,mountain_equity,0.011682436035354177,0.08999999999999998,7.784762940908371,2187.7558996284965,0.001975197523633307,0.0020990659384270763,0.0
6,81007,integrated,0.02298197386038833,0.235,2.1463252432086164,2187.7558996284965,0.00439962505286735,0.0037449466464512487,8517.33452541138
7,81008,baseline,0.036649320429929834,0.12333333333333331,6.442180921758993,2416.442728876781,0.0066063550092869084,0.005889530707487591,0.0
7,81008,subsidy,0.04053941143981491,0.12,7.964274593872755,2418.2500084369917,0.00714018808964402,0.005683762346769598,14917.598078024443
7,81008,voucher,0.04276265623715118,0.14333333333333334,7.052684047920915,2416.442728876781,0.009546658569355555,0.007208800238502379,9190.268348847676
7,81008,voucher_plus_capacity,0.052634393674813956,0.165,1.5239931366868689,2416.442728876781,0.009088870234611938,0.0073210887832862144,10797.265159197446
7,81008,training_maintenance,0.030766566135166516,0.14833333333333334,6.88049698371442,2415.501053641828,0.006133007831604677,0.004992361832775158,0.0
7,81008,warning_response,0.03098854339172777,0.09500000000000001,6.381682892428878,2416.442728876781,0.007053382650131393,0.006157523217382132,0.0
7,81008,insurance,0.03870600259136431,0.13666666666666666,5.787981712462028,2405.9237236674476,0.006544672694242421,0.0060059164711600685,423043.36841870815
7,81008,mountain_equity,0.037081538815838914,0.135,5.535582986140383,2415.464630636413,0.00663249796802545,0.005560837058609363,0.0
7,81008,integrated,0.05307488047389867,0.20833333333333334,1.71984373667791,2416.442728876781,0.009497675486998166,0.00823668816670394,8443.122097740468
