record_id,category,entity_id,name_en,name_zh,claim,claim_type,value,unit,evidence_grade,source,url,year,verify,notes,tags
DIS-D1-SCOPE,disruption,D1,Seasonal summer drought,伏旱,"The classic recurrent climatic feature of the Sichuan Basin and the shock with the clearest technological counter-measure: smart irrigation and fertigation act directly on the loss mechanism (soil-moisture deficit), so the technology efficacy parameter is identifiable.",mechanism,,,B,curated:config,,,False,tier=tier1,scope_decision|tier1|T2|T1
DIS-D1-CHANNEL,disruption,D1,Seasonal summer drought,伏旱,soil moisture deficit during reproductive stage,mechanism,,,B,curated:config,,,False,,loss_channel
DIS-D1-PAR-annual_probability_prior,disruption,D1,Seasonal summer drought,,calibrated: annual_probability_prior,parameter,0.211,,B,curated:config,,,False,derived from ERA5 reanalysis 1991-2024,parameter|calibrated
DIS-D1-PAR-severity_distribution,disruption,D1,Seasonal summer drought,,model prior: severity_distribution,parameter,beta,,C,curated:config,,,True,"prior for calibration, not a measurement",parameter|prior
DIS-D1-PAR-severity_params,disruption,D1,Seasonal summer drought,,calibrated: severity_params,parameter,"[0.43, 1.25]",,B,curated:config,,,False,derived from ERA5 reanalysis 1991-2024,parameter|calibrated
DIS-D1-PAR-spatial_correlation,disruption,D1,Seasonal summer drought,,calibrated: spatial_correlation,parameter,0.446,,B,curated:config,,,False,derived from ERA5 reanalysis 1991-2024,parameter|calibrated
DIS-D1-PAR-probability_by_county,disruption,D1,Seasonal summer drought,,calibrated: probability_by_county,parameter,"{'C1': 0.235, 'C2': 0.206, 'C3': 0.265, 'C4': 0.147, 'C5': 0.235, 'C6': 0.176}",,B,curated:config,,,False,derived from ERA5 reanalysis 1991-2024,parameter|calibrated
DIS-D1-PAR-n_events_observed,disruption,D1,Seasonal summer drought,,calibrated: n_events_observed,parameter,43,,B,curated:config,,,False,derived from ERA5 reanalysis 1991-2024,parameter|calibrated
DIS-D1-PAR-hazard_definition,disruption,D1,Seasonal summer drought,,calibrated: hazard_definition,parameter,SPI <= -0.8,,B,curated:config,,,False,derived from ERA5 reanalysis 1991-2024,parameter|calibrated
DIS-D1-PAR-yield_damage_max,disruption,D1,Seasonal summer drought,,model prior: yield_damage_max,parameter,0.45,,C,curated:config,,,True,"prior for calibration, not a measurement",parameter|prior
DIS-D1-PAR-terrain_multiplier,disruption,D1,Seasonal summer drought,,model prior: terrain_multiplier,parameter,"{'plain': 0.6, 'hill': 1.0, 'mountain': 1.15}",,C,curated:config,,,True,"prior for calibration, not a measurement",parameter|prior
DIS-D1-PAR-irrigation_offset,disruption,D1,Seasonal summer drought,,model prior: irrigation_offset,parameter,0.45,,C,curated:config,,,True,"prior for calibration, not a measurement",parameter|prior
DIS-D1-DATA-13407,disruption,D1,Seasonal summer drought,,"CMA station precipitation and temperature, daily, 2000-2025",context,,,C,curated:config,,,False,,data_requirement
DIS-D1-DATA-694229,disruption,D1,Seasonal summer drought,,"drought index (CI, MCI) gridded series",context,,,C,curated:config,,,False,,data_requirement
DIS-D1-DATA-403688,disruption,D1,Seasonal summer drought,,irrigated area by county (Sichuan Statistical Yearbook),context,,,C,curated:config,,,False,,data_requirement
DIS-D1-DATA-898696,disruption,D1,Seasonal summer drought,,insurance drought claim records by county and year,context,,,C,curated:config,,,False,,data_requirement
DIS-D2-SCOPE,disruption,D2,"Rainstorm, flood and waterlogging",暴雨洪涝,"Fast onset means the binding constraint is the LEAD TIME of warning and the QUEUE for machinery in the operating window, not equipment ownership. This is precisely the mechanism the service-capacity SD module and the contract effort variable are built to represent, so D2 is what makes voucher-versus-subsidy policies separate.",mechanism,,,B,curated:config,,,False,tier=tier1,scope_decision|tier1|T1|T3
DIS-D2-CHANNEL,disruption,D2,"Rainstorm, flood and waterlogging",暴雨洪涝,"lodging, submergence, harvest delay, inability to enter waterlogged plots with machinery",mechanism,,,B,curated:config,,,False,,loss_channel
DIS-D2-PAR-annual_probability_prior,disruption,D2,"Rainstorm, flood and waterlogging",,calibrated: annual_probability_prior,parameter,0.373,,B,curated:config,,,False,derived from ERA5 reanalysis 1991-2024,parameter|calibrated
DIS-D2-PAR-severity_distribution,disruption,D2,"Rainstorm, flood and waterlogging",,model prior: severity_distribution,parameter,beta,,C,curated:config,,,True,"prior for calibration, not a measurement",parameter|prior
DIS-D2-PAR-severity_params,disruption,D2,"Rainstorm, flood and waterlogging",,calibrated: severity_params,parameter,"[0.19, 0.35]",,B,curated:config,,,False,derived from ERA5 reanalysis 1991-2024,parameter|calibrated
DIS-D2-PAR-spatial_correlation,disruption,D2,"Rainstorm, flood and waterlogging",,calibrated: spatial_correlation,parameter,0.19,,B,curated:config,,,False,derived from ERA5 reanalysis 1991-2024,parameter|calibrated
DIS-D2-PAR-probability_by_county,disruption,D2,"Rainstorm, flood and waterlogging",,calibrated: probability_by_county,parameter,"{'C1': 0.647, 'C2': 0.529, 'C3': 0.206, 'C4': 0.294, 'C5': 0.5, 'C6': 0.059}",,B,curated:config,,,False,derived from ERA5 reanalysis 1991-2024,parameter|calibrated
DIS-D2-PAR-n_events_observed,disruption,D2,"Rainstorm, flood and waterlogging",,calibrated: n_events_observed,parameter,76,,B,curated:config,,,False,derived from ERA5 reanalysis 1991-2024,parameter|calibrated
DIS-D2-PAR-hazard_definition,disruption,D2,"Rainstorm, flood and waterlogging",,calibrated: hazard_definition,parameter,>= 2 rainstorm days,,B,curated:config,,,False,derived from ERA5 reanalysis 1991-2024,parameter|calibrated
DIS-D2-PAR-yield_damage_max,disruption,D2,"Rainstorm, flood and waterlogging",,model prior: yield_damage_max,parameter,0.55,,C,curated:config,,,True,"prior for calibration, not a measurement",parameter|prior
DIS-D2-PAR-terrain_multiplier,disruption,D2,"Rainstorm, flood and waterlogging",,model prior: terrain_multiplier,parameter,"{'plain': 1.0, 'hill': 1.1, 'mountain': 1.25}",,C,curated:config,,,True,"prior for calibration, not a measurement",parameter|prior
DIS-D2-PAR-warning_lead_time_days,disruption,D2,"Rainstorm, flood and waterlogging",,model prior: warning_lead_time_days,parameter,"[0.5, 3.0]",,C,curated:config,,,True,"prior for calibration, not a measurement",parameter|prior
DIS-D2-PAR-action_window_days,disruption,D2,"Rainstorm, flood and waterlogging",,model prior: action_window_days,parameter,2,,C,curated:config,,,True,"prior for calibration, not a measurement",parameter|prior
DIS-D2-DATA-21058,disruption,D2,"Rainstorm, flood and waterlogging",,"hourly rainfall and river stage, flood warning issuance timestamps",context,,,C,curated:config,,,False,,data_requirement
DIS-D2-DATA-576203,disruption,D2,"Rainstorm, flood and waterlogging",,remote sensing inundation extent by event,context,,,C,curated:config,,,False,,data_requirement
DIS-D2-DATA-677752,disruption,D2,"Rainstorm, flood and waterlogging",,service work orders with request/dispatch/arrival timestamps,context,,,C,curated:config,,,False,,data_requirement
DIS-D2-DATA-523459,disruption,D2,"Rainstorm, flood and waterlogging",,crop calendar by county to align stage vulnerability,context,,,C,curated:config,,,False,,data_requirement
DIS-D3-SCOPE,disruption,D3,Compound heat-drought with power and network interruption,高温干旱复合冲击（伴电力/网络中断）,"THE DIAGNOSTIC SHOCK OF THIS STUDY. Extreme heat raises irrigation demand at the same moment that hydropower shortfall and grid stress cut the electricity that pumps, sensors, base stations and platforms depend on. Technology efficacy is therefore NOT exogenous: it collapses exactly when it is most needed. The August 2022 Sichuan heat-drought episode with industrial power rationing is the reference event. Any model that applies a fixed percentage loss reduction to smart technology will overstate resilience precisely here, so this shock is the sharpest test of the whole modelling claim and the strongest argument for redundancy and maintenance policies over pure equipment subsidies.",mechanism,,,B,curated:config,,,False,tier=tier1,scope_decision|tier1|T1|T2|T3
DIS-D3-CHANNEL,disruption,D3,Compound heat-drought with power and network interruption,高温干旱复合冲击（伴电力/网络中断）,"heat sterility and moisture deficit, PLUS forced technology outage (pump downtime, sensor and gateway loss, warning not delivered)",mechanism,,,B,curated:config,,,False,,loss_channel
DIS-D3-PAR-annual_probability_prior,disruption,D3,Compound heat-drought with power and network interruption,,calibrated: annual_probability_prior,parameter,0.078,,B,curated:config,,,False,derived from ERA5 reanalysis 1991-2024,parameter|calibrated
DIS-D3-PAR-severity_distribution,disruption,D3,Compound heat-drought with power and network interruption,,model prior: severity_distribution,parameter,beta,,C,curated:config,,,True,"prior for calibration, not a measurement",parameter|prior
DIS-D3-PAR-severity_params,disruption,D3,Compound heat-drought with power and network interruption,,calibrated: severity_params,parameter,"[2.54, 1.81]",,B,curated:config,,,False,derived from ERA5 reanalysis 1991-2024,parameter|calibrated
DIS-D3-PAR-spatial_correlation,disruption,D3,Compound heat-drought with power and network interruption,,calibrated: spatial_correlation,parameter,0.542,,B,curated:config,,,False,derived from ERA5 reanalysis 1991-2024,parameter|calibrated
DIS-D3-PAR-probability_by_county,disruption,D3,Compound heat-drought with power and network interruption,,calibrated: probability_by_county,parameter,"{'C1': 0.088, 'C2': 0.088, 'C3': 0.088, 'C4': 0.059, 'C5': 0.147, 'C6': 0.0}",,B,curated:config,,,False,derived from ERA5 reanalysis 1991-2024,parameter|calibrated
DIS-D3-PAR-n_events_observed,disruption,D3,Compound heat-drought with power and network interruption,,calibrated: n_events_observed,parameter,16,,B,curated:config,,,False,derived from ERA5 reanalysis 1991-2024,parameter|calibrated
DIS-D3-PAR-hazard_definition,disruption,D3,Compound heat-drought with power and network interruption,,calibrated: hazard_definition,parameter,SPI <= -1.0 and hot days >= county p75,,B,curated:config,,,False,derived from ERA5 reanalysis 1991-2024,parameter|calibrated
DIS-D3-PAR-yield_damage_max,disruption,D3,Compound heat-drought with power and network interruption,,model prior: yield_damage_max,parameter,0.6,,C,curated:config,,,True,"prior for calibration, not a measurement",parameter|prior
DIS-D3-PAR-terrain_multiplier,disruption,D3,Compound heat-drought with power and network interruption,,model prior: terrain_multiplier,parameter,"{'plain': 0.9, 'hill': 1.05, 'mountain': 1.0}",,C,curated:config,,,True,"prior for calibration, not a measurement",parameter|prior
DIS-D3-PAR-tech_availability_multiplier,disruption,D3,Compound heat-drought with power and network interruption,,model prior: tech_availability_multiplier,parameter,0.35,,C,curated:config,,,True,"prior for calibration, not a measurement",parameter|prior
DIS-D3-PAR-outage_duration_days,disruption,D3,Compound heat-drought with power and network interruption,,model prior: outage_duration_days,parameter,"[2, 12]",,C,curated:config,,,True,"prior for calibration, not a measurement",parameter|prior
DIS-D3-DATA-770758,disruption,D3,Compound heat-drought with power and network interruption,,2022 heat-drought event chronology and power rationing notices,context,,,C,curated:config,,,False,,data_requirement
DIS-D3-DATA-34507,disruption,D3,Compound heat-drought with power and network interruption,,base station outage and platform downtime logs,context,,,C,curated:config,,,False,,data_requirement
DIS-D3-DATA-211069,disruption,D3,Compound heat-drought with power and network interruption,,irrigation pump electricity consumption series,context,,,C,curated:config,,,False,,data_requirement
DIS-D3-DATA-354683,disruption,D3,Compound heat-drought with power and network interruption,,device telemetry gaps during the event window,context,,,C,curated:config,,,False,,data_requirement
DIS-D4-SCOPE,disruption,D4,"Input price shock (fertiliser, diesel, electricity)",投入品价格冲击（化肥、柴油、电力）,"Moved out of the modelled set in the August 2026 scope revision. It was the only shock acting through the CASH constraint rather than the yield function, so no yield-side technology could address its damage and it shared no loss channel with D1-D3. Calibrating it also required a separate price-series data chain (fertiliser, diesel and agricultural electricity indices plus farm-gate output prices) that is not needed for any other part of the model. Retained here because it remains the sharpest test of whether capital subsidies help when the binding constraint is working capital, and because the economic-shock machinery is still present in shocks.py: it can be reinstated by moving this entry back to tier1, with no code change.",mechanism,,,B,curated:config,,,False,tier=tier2,scope_decision|tier2|T2|T3
DIS-D5-SCOPE,disruption,D5,Migratory pest outbreak (fall armyworm),草地贪夜蛾等迁飞性害虫,"Excellent match for early-warning technology (T1) and drone spraying (T3), and Sichuan sits on a migration corridor, but outbreak data are patchier than meteorological series. Add in version 2 once plant protection station records are secured.",mechanism,,,C,curated:config,,,False,tier=tier2,scope_decision|tier2|T1|T3
DIS-D6-SCOPE,disruption,D6,Continuous overcast rain and hail at harvest,连阴雨、冰雹,Localised; needs finer-grained station data than the MVP.,mechanism,,,C,curated:config,,,False,tier=tier2,scope_decision|tier2|T1|T3
DIS-D7-SCOPE,disruption,D7,Output price shock (hog cycle),生猪价格周期,"Sichuan is a leading hog province and the livestock module is a separate technology path (environmental control, biosecurity monitoring). Out of scope for a crop-focused MVP.",mechanism,,,B,curated:config,,,False,tier=tier2,scope_decision|tier2|T4
DIS-X1-SCOPE,disruption,X1,Earthquake,,"High salience in Sichuan but essentially orthogonal to smart agricultural technology adoption decisions and effort levels; the response channel is emergency management, not agronomic operations. Including it would add variance without discriminating between the policies under study.",mechanism,,,C,curated:config,,,False,tier=excluded,scope_decision|excluded
DIS-X2-SCOPE,disruption,X2,Trade and export demand shocks,,"Acts on marketing and e-commerce channels rather than on production effort and disaster loss, which is the causal chain this model is built to represent.",mechanism,,,C,curated:config,,,False,tier=excluded,scope_decision|excluded
TEC-T1-SCOPE,technology,T1,Digital early warning and agro-situation information,数字预警与农情信息服务,"Buys lead time. Converts an unanticipated shock into an anticipated one, enabling pre-emptive drainage, irrigation, early harvest or input adjustment. Value is entirely conditional on the farmer having the CAPACITY to act (labour, machinery access) within the action window, which is why T1 and T3 are complements rather than substitutes.",mechanism,,,B,curated:config,,,False,status=in_scope; channel=information,scope_decision|in_scope|none|service
TEC-T1-ANCHOR,technology,T1,Digital early warning and agro-situation information,,"Provincial action plan targets extend micro-climate station coverage from 36 counties to 66 counties, and the digital base map pilot from 7 prefectures towards province-wide coverage. Rural 5G and broadband coverage is effectively universal at village level, so the binding constraint is not connectivity but whether a warning is ACTED ON.",context,,,B,curated:provincial action plan and statistics,,,True,,sichuan_anchor
TEC-T1-PAR-eta_drought,technology,T1,Digital early warning and agro-situation information,,model prior: eta_drought,parameter,0.12,,C,curated:config,,,True,"prior for calibration, not a measurement",parameter|prior
TEC-T1-PAR-eta_flood,technology,T1,Digital early warning and agro-situation information,,model prior: eta_flood,parameter,0.28,,C,curated:config,,,True,"prior for calibration, not a measurement",parameter|prior
TEC-T1-PAR-eta_compound,technology,T1,Digital early warning and agro-situation information,,model prior: eta_compound,parameter,0.15,,C,curated:config,,,True,"prior for calibration, not a measurement",parameter|prior
TEC-T1-PAR-capex_per_farm,technology,T1,Digital early warning and agro-situation information,,model prior: capex_per_farm,parameter,0.0,,C,curated:config,,,True,"prior for calibration, not a measurement",parameter|prior
TEC-T1-PAR-opex_per_mu,technology,T1,Digital early warning and agro-situation information,,model prior: opex_per_mu,parameter,2.0,,C,curated:config,,,True,"prior for calibration, not a measurement",parameter|prior
TEC-T1-PAR-learning_cost,technology,T1,Digital early warning and agro-situation information,,model prior: learning_cost,parameter,0.15,,C,curated:config,,,True,"prior for calibration, not a measurement",parameter|prior
TEC-T1-PAR-digital_literacy_threshold,technology,T1,Digital early warning and agro-situation information,,model prior: digital_literacy_threshold,parameter,0.25,,C,curated:config,,,True,"prior for calibration, not a measurement",parameter|prior
TEC-T1-PAR-availability_base,technology,T1,Digital early warning and agro-situation information,,model prior: availability_base,parameter,0.92,,C,curated:config,,,True,"prior for calibration, not a measurement",parameter|prior
TEC-T1-PAR-false_alarm_rate,technology,T1,Digital early warning and agro-situation information,,model prior: false_alarm_rate,parameter,0.2,,C,curated:config,,,True,"prior for calibration, not a measurement",parameter|prior
TEC-T1-PAR-lead_time_days,technology,T1,Digital early warning and agro-situation information,,model prior: lead_time_days,parameter,"[0.5, 3.0]",,C,curated:config,,,True,"prior for calibration, not a measurement",parameter|prior
TEC-T1-PAR-terrain_fit,technology,T1,Digital early warning and agro-situation information,,model prior: terrain_fit,parameter,"{'plain': 1.0, 'hill': 0.95, 'mountain': 0.85}",,C,curated:config,,,True,"prior for calibration, not a measurement",parameter|prior
TEC-T2-SCOPE,technology,T2,"Smart irrigation, fertigation and field sensing",智慧灌溉、水肥一体化与传感器,"Acts directly on the D1 loss mechanism by maintaining root-zone moisture during the reproductive stage. Highest capital intensity of the three, therefore the most exposed to liquidity constraints and the most dependent on maintenance. Requires an existing water source: on hill plots without one, the marginal value is near zero, which is the main source of spatial heterogeneity in returns.",mechanism,,,B,curated:config,,,False,status=in_scope; channel=biophysical,scope_decision|in_scope|none|own|rent|service
TEC-T2-ANCHOR,technology,T2,"Smart irrigation, fertigation and field sensing",,"Provincial targets move smart water-fertiliser integration from about 540 thousand mu across 13 counties towards roughly 1.65 million mu across 40 counties. Effective irrigated area is around 3.0 million ha, so smart fertigation remains a small share of irrigated land and its value is strongly conditional on the underlying irrigation asset.",context,,,B,curated:provincial action plan and statistics,,,True,,sichuan_anchor
TEC-T2-PAR-eta_drought,technology,T2,"Smart irrigation, fertigation and field sensing",,model prior: eta_drought,parameter,0.45,,C,curated:config,,,True,"prior for calibration, not a measurement",parameter|prior
TEC-T2-PAR-eta_flood,technology,T2,"Smart irrigation, fertigation and field sensing",,model prior: eta_flood,parameter,0.05,,C,curated:config,,,True,"prior for calibration, not a measurement",parameter|prior
TEC-T2-PAR-eta_compound,technology,T2,"Smart irrigation, fertigation and field sensing",,model prior: eta_compound,parameter,0.4,,C,curated:config,,,True,"prior for calibration, not a measurement",parameter|prior
TEC-T2-PAR-capex_per_mu,technology,T2,"Smart irrigation, fertigation and field sensing",,model prior: capex_per_mu,parameter,420.0,,C,curated:config,,,True,"prior for calibration, not a measurement",parameter|prior
TEC-T2-PAR-opex_per_mu,technology,T2,"Smart irrigation, fertigation and field sensing",,model prior: opex_per_mu,parameter,35.0,,C,curated:config,,,True,"prior for calibration, not a measurement",parameter|prior
TEC-T2-PAR-lifetime_years,technology,T2,"Smart irrigation, fertigation and field sensing",,model prior: lifetime_years,parameter,8,,C,curated:config,,,True,"prior for calibration, not a measurement",parameter|prior
TEC-T2-PAR-learning_cost,technology,T2,"Smart irrigation, fertigation and field sensing",,model prior: learning_cost,parameter,0.45,,C,curated:config,,,True,"prior for calibration, not a measurement",parameter|prior
TEC-T2-PAR-digital_literacy_threshold,technology,T2,"Smart irrigation, fertigation and field sensing",,model prior: digital_literacy_threshold,parameter,0.4,,C,curated:config,,,True,"prior for calibration, not a measurement",parameter|prior
TEC-T2-PAR-availability_base,technology,T2,"Smart irrigation, fertigation and field sensing",,model prior: availability_base,parameter,0.88,,C,curated:config,,,True,"prior for calibration, not a measurement",parameter|prior
TEC-T2-PAR-failure_rate_annual,technology,T2,"Smart irrigation, fertigation and field sensing",,model prior: failure_rate_annual,parameter,0.18,,C,curated:config,,,True,"prior for calibration, not a measurement",parameter|prior
TEC-T2-PAR-repair_delay_days_prior,technology,T2,"Smart irrigation, fertigation and field sensing",,model prior: repair_delay_days_prior,parameter,9,,C,curated:config,,,True,"prior for calibration, not a measurement",parameter|prior
TEC-T2-PAR-requires_water_source,technology,T2,"Smart irrigation, fertigation and field sensing",,model prior: requires_water_source,parameter,True,,C,curated:config,,,True,"prior for calibration, not a measurement",parameter|prior
TEC-T2-PAR-power_dependent,technology,T2,"Smart irrigation, fertigation and field sensing",,model prior: power_dependent,parameter,True,,C,curated:config,,,True,"prior for calibration, not a measurement",parameter|prior
TEC-T2-PAR-terrain_fit,technology,T2,"Smart irrigation, fertigation and field sensing",,model prior: terrain_fit,parameter,"{'plain': 1.0, 'hill': 0.75, 'mountain': 0.45}",,C,curated:config,,,True,"prior for calibration, not a measurement",parameter|prior
TEC-T3-SCOPE,technology,T3,Drone and BeiDou smart machinery operating services,无人机植保与北斗智能农机社会化服务,"Compresses the time needed to complete a critical operation, which is what converts an early warning into avoided loss. This is the ONLY bundle whose effectiveness is capacity-rationed at the system level: when many farmers are hit simultaneously, the queue lengthens, service arrives after the action window closes and realised efficacy falls even though every farmer is nominally an adopter. That congestion feedback is the primary reason the SD layer exists.",mechanism,,,B,curated:config,,,False,status=in_scope; channel=operating_capacity,scope_decision|in_scope|none|own|service
TEC-T3-ANCHOR,technology,T3,Drone and BeiDou smart machinery operating services,,"Provincial targets include more than 200 regional agricultural machinery service centres, upgrading roughly 26 thousand existing terminals, an intelligent assistance and monitoring equipment rate of about 60 per cent, over 15 thousand drones and more than 5 thousand licensed pilots. Comprehensive mechanisation of major crops was around 65 per cent in 2021, below the national level, with maize about 43 per cent and potato about 26 per cent, so machinery capacity is itself scarce and queueing is real rather than notional.",context,,,B,curated:provincial action plan and statistics,,,True,,sichuan_anchor
TEC-T3-PAR-eta_drought,technology,T3,Drone and BeiDou smart machinery operating services,,model prior: eta_drought,parameter,0.1,,C,curated:config,,,True,"prior for calibration, not a measurement",parameter|prior
TEC-T3-PAR-eta_flood,technology,T3,Drone and BeiDou smart machinery operating services,,model prior: eta_flood,parameter,0.35,,C,curated:config,,,True,"prior for calibration, not a measurement",parameter|prior
TEC-T3-PAR-eta_compound,technology,T3,Drone and BeiDou smart machinery operating services,,model prior: eta_compound,parameter,0.2,,C,curated:config,,,True,"prior for calibration, not a measurement",parameter|prior
TEC-T3-PAR-capex_own_per_unit,technology,T3,Drone and BeiDou smart machinery operating services,,model prior: capex_own_per_unit,parameter,62000.0,,C,curated:config,,,True,"prior for calibration, not a measurement",parameter|prior
TEC-T3-PAR-service_price_per_mu,technology,T3,Drone and BeiDou smart machinery operating services,,model prior: service_price_per_mu,parameter,12.0,,C,curated:config,,,True,"prior for calibration, not a measurement",parameter|prior
TEC-T3-PAR-opex_per_mu,technology,T3,Drone and BeiDou smart machinery operating services,,model prior: opex_per_mu,parameter,0.0,,C,curated:config,,,True,"prior for calibration, not a measurement",parameter|prior
TEC-T3-PAR-learning_cost,technology,T3,Drone and BeiDou smart machinery operating services,,model prior: learning_cost,parameter,0.25,,C,curated:config,,,True,"prior for calibration, not a measurement",parameter|prior
TEC-T3-PAR-learning_cost_own,technology,T3,Drone and BeiDou smart machinery operating services,,model prior: learning_cost_own,parameter,0.6,,C,curated:config,,,True,"prior for calibration, not a measurement",parameter|prior
TEC-T3-PAR-digital_literacy_threshold,technology,T3,Drone and BeiDou smart machinery operating services,,model prior: digital_literacy_threshold,parameter,0.2,,C,curated:config,,,True,"prior for calibration, not a measurement",parameter|prior
TEC-T3-PAR-availability_base,technology,T3,Drone and BeiDou smart machinery operating services,,model prior: availability_base,parameter,0.9,,C,curated:config,,,True,"prior for calibration, not a measurement",parameter|prior
TEC-T3-PAR-capacity_mu_per_unit_per_day,technology,T3,Drone and BeiDou smart machinery operating services,,model prior: capacity_mu_per_unit_per_day,parameter,300.0,,C,curated:config,,,True,"prior for calibration, not a measurement",parameter|prior
TEC-T3-PAR-failure_rate_annual,technology,T3,Drone and BeiDou smart machinery operating services,,model prior: failure_rate_annual,parameter,0.22,,C,curated:config,,,True,"prior for calibration, not a measurement",parameter|prior
TEC-T3-PAR-terrain_fit,technology,T3,Drone and BeiDou smart machinery operating services,,model prior: terrain_fit,parameter,"{'plain': 1.0, 'hill': 0.85, 'mountain': 0.55}",,C,curated:config,,,True,"prior for calibration, not a measurement",parameter|prior
TEC-T3-PAR-congestion_sensitive,technology,T3,Drone and BeiDou smart machinery operating services,,model prior: congestion_sensitive,parameter,True,,C,curated:config,,,True,"prior for calibration, not a measurement",parameter|prior
TEC-T4-SCOPE,technology,T4,Livestock and aquaculture intelligent monitoring,智慧牧场与智慧渔场,"Provincial targets of 50 smart pastures and 20 smart fisheries make this a real adoption path, and Sichuan is a leading hog province, but the technology, shock set and policy instruments differ enough that it belongs in a separate model version rather than a crop MVP.",mechanism,,,B,curated:config,,,False,status=out_of_scope_mvp; channel=biophysical,scope_decision|out_of_scope_mvp|own|service
TEC-T5-SCOPE,technology,T5,"Platform, traceability and e-commerce",电商、追溯与经营平台,"Well evidenced at provincial level, but acts on marketing margins rather than on production effort and disaster loss, so it does not belong in the causal chain this model represents. Retained as a context variable only.",mechanism,,,A,curated:config,,,False,status=out_of_scope_mvp; channel=market,scope_decision|out_of_scope_mvp
TEC-T6-SCOPE,technology,T6,Precision agricultural insurance with remote sensing loss assessment,精准农业保险与遥感核损,"Provincial targets extend precision agricultural insurance towards 176 agricultural counties. Modelled as policy instrument P6 rather than as a technology bundle, because from the farmer's perspective it changes the payoff distribution rather than the production technology. It is also the clearest real-world case of technology making an outcome VERIFIABLE, which is the enabling condition for the outcome-contingent contract in the theoretical model.",mechanism,,,B,curated:config,,,False,status=modelled_as_policy_instrument; channel=financial,scope_decision|modelled_as_policy_instrument
TEC-STATE-0,technology,STATE,"No access (network, terminal, service or eligibility missing)",,adoption state 0: not_accessible,context,,,A,curated:config,,,False,"5G village coverage, platform registration, training headcount and demonstration park counts are evidence for states 1 and 2 ONLY. They must never be used to initialise or validate states 3 and 4.",adoption_ladder
TEC-STATE-1,technology,STATE,Access exists but nothing acquired,,adoption state 1: accessible,context,,,A,curated:config,,,False,"5G village coverage, platform registration, training headcount and demonstration park counts are evidence for states 1 and 2 ONLY. They must never be used to initialise or validate states 3 and 4.",adoption_ladder
TEC-STATE-2,technology,STATE,"Purchased, registered or granted eligibility",,adoption state 2: acquired,context,,,A,curated:config,,,False,"5G village coverage, platform registration, training headcount and demonstration park counts are evidence for states 1 and 2 ONLY. They must never be used to initialise or validate states 3 and 4.",adoption_ladder
TEC-STATE-3,technology,STATE,Verifiable use in the production season,,adoption state 3: used,context,,,A,curated:config,,,False,"5G village coverage, platform registration, training headcount and demonstration park counts are evidence for states 1 and 2 ONLY. They must never be used to initialise or validate states 3 and 4.",adoption_ladder
TEC-STATE-4,technology,STATE,"Correct, timely, sustained use that changes a production action",,adoption state 4: effectively_used,context,,,A,curated:config,,,False,"5G village coverage, platform registration, training headcount and demonstration park counts are evidence for states 1 and 2 ONLY. They must never be used to initialise or validate states 3 and 4.",adoption_ladder
TEC-STATE-5,technology,STATE,"Disadopted after failure, cost or disappointment",,adoption state 5: exited,context,,,A,curated:config,,,False,"5G village coverage, platform registration, training headcount and demonstration park counts are evidence for states 1 and 2 ONLY. They must never be used to initialise or validate states 3 and 4.",adoption_ladder
POL-NP1-DOC,policy,NP1,Digital Agriculture and Rural Development Plan (2019-2025),数字农业农村发展规划（2019—2025年）,Defines the technology taxonomy and national ambition; supplies the framing for what counts as a digital agricultural technology.,policy_document,,,A,curated:config,,2020,False,scope=national; ref=,policy_document|national
POL-NP2-DOC,policy,NP2,Digital Village Development Action Plan (2022-2025),数字乡村发展行动计划（2022—2025年）,"Eight action lines including infrastructure, smart agriculture, new business forms, governance and public services. Establishes that agricultural and governance platforms share infrastructure, which matters for the shared-reliability assumption in the SD layer.",policy_document,,,A,curated:config,,2022,False,scope=national; ref=,policy_document|national
POL-NP3-DOC,policy,NP3,National Smart Agriculture Action Plan (2024-2028),全国智慧农业行动计划（2024—2028年）,National benchmark for the adoption trajectory. NOT to be assigned to Sichuan directly: Sichuan terrain and plot structure differ materially from the national average.,policy_document,,,A,curated:config,,2024,False,scope=national; ref=,policy_document|national
POL-NP3-KT,policy,NP3,National Smart Agriculture Action Plan (2024-2028),,Agricultural production informatisation rate from 27.6 per cent (2022) to 32 per cent by 2028.,target,,,A,curated:config,,2024,False,,target
POL-NP4-DOC,policy,NP4,Agricultural machinery purchase and application subsidy scheme,农机购置与应用补贴政策,"The legal and fiscal template for instrument P1, including catalogue eligibility, subsidy share caps and the application-to-payment workflow that generates the disbursement lag modelled in P1.",policy_document,,,A,curated:config,,rolling,False,scope=national; ref=,policy_document|national
POL-SP1-DOC,policy,SP1,Sichuan Smart Agriculture Action Plan (2025-2028),四川省智慧农业行动计划（2025—2028年）,"Supplies the SD capacity trajectory: these targets become the upper envelope for service capacity, station coverage and equipment stock. Scenario analysis asks whether hitting the targets actually reduces loss, and for whom.",policy_document,,,B,curated:config,,2025,True,scope=provincial; ref=川农发〔2025〕20号,policy_document|provincial
POL-SP1-targets_by_2028-smart_farms,policy,SP1,Sichuan Smart Agriculture Action Plan (2025-2028),,targets_by_2028: smart_farms,target,200,,B,curated:config,,2025,True,"policy commitment, NOT realised adoption",target
POL-SP1-targets_by_2028-smart_pastures,policy,SP1,Sichuan Smart Agriculture Action Plan (2025-2028),,targets_by_2028: smart_pastures,target,50,,B,curated:config,,2025,True,"policy commitment, NOT realised adoption",target
POL-SP1-targets_by_2028-smart_fisheries,policy,SP1,Sichuan Smart Agriculture Action Plan (2025-2028),,targets_by_2028: smart_fisheries,target,20,,B,curated:config,,2025,True,"policy commitment, NOT realised adoption",target
POL-SP1-targets_by_2028-digital_government_scenarios,policy,SP1,Sichuan Smart Agriculture Action Plan (2025-2028),,targets_by_2028: digital_government_scenarios,target,>= 7,,B,curated:config,,2025,True,"policy commitment, NOT realised adoption",target
POL-SP1-targets_by_2028-precision_insurance_counties,policy,SP1,Sichuan Smart Agriculture Action Plan (2025-2028),,targets_by_2028: precision_insurance_counties,target,176,,B,curated:config,,2025,True,"policy commitment, NOT realised adoption",target
POL-SP1-targets_by_2028-microclimate_station_counties,policy,SP1,Sichuan Smart Agriculture Action Plan (2025-2028),,targets_by_2028: microclimate_station_counties,target,66,,B,curated:config,,2025,True,"policy commitment, NOT realised adoption",target
POL-SP1-targets_by_2028-smart_fertigation_counties,policy,SP1,Sichuan Smart Agriculture Action Plan (2025-2028),,targets_by_2028: smart_fertigation_counties,target,40,,B,curated:config,,2025,True,"policy commitment, NOT realised adoption",target
POL-SP1-targets_by_2028-smart_fertigation_area_mu,policy,SP1,Sichuan Smart Agriculture Action Plan (2025-2028),,targets_by_2028: smart_fertigation_area_mu,target,1650000,,B,curated:config,,2025,True,"policy commitment, NOT realised adoption",target
POL-SP1-targets_by_2028-regional_machinery_service_centres,policy,SP1,Sichuan Smart Agriculture Action Plan (2025-2028),,targets_by_2028: regional_machinery_service_centres,target,>= 200,,B,curated:config,,2025,True,"policy commitment, NOT realised adoption",target
POL-SP1-targets_by_2028-intelligent_machinery_equipment_rate,policy,SP1,Sichuan Smart Agriculture Action Plan (2025-2028),,targets_by_2028: intelligent_machinery_equipment_rate,target,0.6,,B,curated:config,,2025,True,"policy commitment, NOT realised adoption",target
POL-SP1-targets_by_2028-drones,policy,SP1,Sichuan Smart Agriculture Action Plan (2025-2028),,targets_by_2028: drones,target,15000,,B,curated:config,,2025,True,"policy commitment, NOT realised adoption",target
POL-SP1-targets_by_2028-licensed_pilots,policy,SP1,Sichuan Smart Agriculture Action Plan (2025-2028),,targets_by_2028: licensed_pilots,target,5000,,B,curated:config,,2025,True,"policy commitment, NOT realised adoption",target
POL-SP1-targets_by_2028-low_altitude_scenarios,policy,SP1,Sichuan Smart Agriculture Action Plan (2025-2028),,targets_by_2028: low_altitude_scenarios,target,100,,B,curated:config,,2025,True,"policy commitment, NOT realised adoption",target
POL-SP1-targets_by_2028-digital_farm_factories,policy,SP1,Sichuan Smart Agriculture Action Plan (2025-2028),,targets_by_2028: digital_farm_factories,target,>= 50,,B,curated:config,,2025,True,"policy commitment, NOT realised adoption",target
POL-SP1-targets_by_2028-upgraded_modern_parks,policy,SP1,Sichuan Smart Agriculture Action Plan (2025-2028),,targets_by_2028: upgraded_modern_parks,target,50,,B,curated:config,,2025,True,"policy commitment, NOT realised adoption",target
POL-SP1-targets_by_2028-smart_agriculture_leading_zones,policy,SP1,Sichuan Smart Agriculture Action Plan (2025-2028),,targets_by_2028: smart_agriculture_leading_zones,target,"[1, 3]",,B,curated:config,,2025,True,"policy commitment, NOT realised adoption",target
POL-SP1-baseline_2025-microclimate_station_counties,policy,SP1,Sichuan Smart Agriculture Action Plan (2025-2028),,baseline_2025: microclimate_station_counties,baseline,36,,B,curated:config,,2025,True,stated starting point,baseline
POL-SP1-baseline_2025-smart_fertigation_counties,policy,SP1,Sichuan Smart Agriculture Action Plan (2025-2028),,baseline_2025: smart_fertigation_counties,baseline,13,,B,curated:config,,2025,True,stated starting point,baseline
POL-SP1-baseline_2025-smart_fertigation_area_mu,policy,SP1,Sichuan Smart Agriculture Action Plan (2025-2028),,baseline_2025: smart_fertigation_area_mu,baseline,540000,,B,curated:config,,2025,True,stated starting point,baseline
POL-SP1-baseline_2025-regional_machinery_service_centres,policy,SP1,Sichuan Smart Agriculture Action Plan (2025-2028),,baseline_2025: regional_machinery_service_centres,baseline,50,,B,curated:config,,2025,True,stated starting point,baseline
POL-SP1-baseline_2025-terminals_to_upgrade,policy,SP1,Sichuan Smart Agriculture Action Plan (2025-2028),,baseline_2025: terminals_to_upgrade,baseline,26000,,B,curated:config,,2025,True,stated starting point,baseline
POL-SP1-baseline_2025-low_altitude_scenarios,policy,SP1,Sichuan Smart Agriculture Action Plan (2025-2028),,baseline_2025: low_altitude_scenarios,baseline,20,,B,curated:config,,2025,True,stated starting point,baseline
POL-SP1-baseline_2025-digital_map_pilot_prefectures,policy,SP1,Sichuan Smart Agriculture Action Plan (2025-2028),,baseline_2025: digital_map_pilot_prefectures,baseline,7,,B,curated:config,,2025,True,stated starting point,baseline
POL-SP2-DOC,policy,SP2,Implementation Plan for Vigorously Developing Smart Agriculture,大力发展智慧农业实施方案,implementation pathway and departmental responsibilities,policy_document,,,B,curated:config,,2025,True,scope=provincial; ref=川农发〔2025〕19号,policy_document|provincial
POL-SP3-DOC,policy,SP3,Sichuan 14th Five-Year Plan for Agricultural and Rural Informatisation,"四川省农业农村信息化""十四五""规划","Establishes the 2020-2024 baseline period: platform building, standards and pilots, before the shift to scale-up.",policy_document,,,B,curated:config,,2021,False,scope=provincial; ref=,policy_document|provincial
POL-SP4-DOC,policy,SP4,Sichuan machinery purchase subsidy and operation subsidy pilots,四川省农机购置补贴实施方案 / 农机作业补贴试点,calibration precedent for P2,policy_document,,,B,curated:config,,rolling,False,scope=provincial; ref=,policy_document|provincial
POL-SP5-DOC,policy,SP5,Policy agricultural insurance including full-cost insurance,政策性农业保险（三大粮食作物完全成本保险等）,baseline for instrument P6,policy_document,,,A,curated:config,,rolling,False,scope=provincial; ref=,policy_document|provincial
POL-SP6-DOC,policy,SP6,Sichuan No.1 Document (annual rural work directive),四川省委一号文件,Annual political signal; used to set the budget growth rate prior in the SD layer rather than any specific instrument parameter.,policy_document,,,A,curated:config,,annual,False,scope=provincial; ref=,policy_document|provincial
POL-P1-INST,policy,P1,Equipment purchase subsidy,设备购置补贴,"Lowers K (acquisition cost) in the adoption value function, and the disbursement lag interacts with the liquidity constraint: a farmer who must pay up front and wait 120 days for reimbursement faces a real cost far above the nominal net price. This is why lag is a decision variable and not a fixed constant.",mechanism,,,C,curated:config,,,False,"targets=['T2', 'T3']; sd_stock=government_budget; equity=poor_favours_large_operators",instrument|T2|T3
POL-P1-DV-subsidy_rate,policy,P1,Equipment purchase subsidy,,decision variable: subsidy_rate,parameter,"{'default': 0.3, 'range': [0.0, 0.6]}",,C,curated:config,,,True,,decision_variable
POL-P1-DV-cap_per_farm,policy,P1,Equipment purchase subsidy,,decision variable: cap_per_farm,parameter,"{'default': 25000.0, 'range': [0.0, 100000.0]}",,C,curated:config,,,True,,decision_variable
POL-P1-DV-eligibility_min_area_mu,policy,P1,Equipment purchase subsidy,,decision variable: eligibility_min_area_mu,parameter,"{'default': 0.0, 'range': [0.0, 100.0]}",,C,curated:config,,,True,,decision_variable
POL-P1-DV-disbursement_lag_days,policy,P1,Equipment purchase subsidy,,decision variable: disbursement_lag_days,parameter,"{'default': 120, 'range': [15, 365]}",,C,curated:config,,,True,,decision_variable
POL-P1-SE-863156,policy,P1,Equipment purchase subsidy,,biases towards larger operators with the cash to pre-finance,mechanism,,,C,curated:config,,,False,,side_effect
POL-P1-SE-634446,policy,P1,Equipment purchase subsidy,,can produce idle or duplicated equipment,mechanism,,,C,curated:config,,,False,,side_effect
POL-P1-SE-148207,policy,P1,Equipment purchase subsidy,,"does nothing about maintenance, which is where failure actually bites",mechanism,,,C,curated:config,,,False,,side_effect
POL-P2-INST,policy,P2,Per-mu service voucher,按亩服务券,"Reduces the per-mu price of purchased services, shifting the adoption choice from ownership towards the service mode. Because it raises DEMAND without raising CAPACITY, on its own it lengthens queues, and under a correlated shock it can lower realised efficacy for everyone. The interaction between P2 and P3 is the single most policy-relevant non-linearity in the model.",mechanism,,,C,curated:config,,,False,"targets=['T3', 'T2']; sd_stock=government_budget; equity=favourable",instrument|T3|T2
POL-P2-DV-voucher_value_per_mu,policy,P2,Per-mu service voucher,,decision variable: voucher_value_per_mu,parameter,"{'default': 5.0, 'range': [0.0, 15.0]}",,C,curated:config,,,True,,decision_variable
POL-P2-DV-max_mu_per_farm,policy,P2,Per-mu service voucher,,decision variable: max_mu_per_farm,parameter,"{'default': 30.0, 'range': [0.0, 200.0]}",,C,curated:config,,,True,,decision_variable
POL-P2-DV-targeting,policy,P2,Per-mu service voucher,,decision variable: targeting,parameter,"{'default': 'smallholder', 'options': ['universal', 'smallholder', 'remote', 'mountain']}",,C,curated:config,,,True,,decision_variable
POL-P2-DV-validity_days,policy,P2,Per-mu service voucher,,decision variable: validity_days,parameter,"{'default': 180, 'range': [30, 365]}",,C,curated:config,,,True,,decision_variable
POL-P2-SE-372275,policy,P2,Per-mu service voucher,,congestion and delayed operations at peak,mechanism,,,C,curated:config,,,False,,side_effect
POL-P2-SE-361179,policy,P2,Per-mu service voucher,,remote farmers still served last despite holding vouchers,mechanism,,,C,curated:config,,,False,,side_effect
POL-P3-INST,policy,P3,Service capacity expansion (regional machinery service centres),区域农机社会化服务中心扩容,"Raises the capacity stock that determines queue length and expected wait, which enters the provider effort problem through the agent reservation utility and the farmer access cost.",mechanism,,,C,curated:config,,,False,targets=['T3']; sd_stock=service_capacity; equity=depends_on_allocation,instrument|T3
POL-P3-DV-new_centres_per_year,policy,P3,Service capacity expansion (regional machinery service centres),,decision variable: new_centres_per_year,parameter,"{'default': 25, 'range': [0, 80]}",,C,curated:config,,,True,,decision_variable
POL-P3-DV-units_per_centre,policy,P3,Service capacity expansion (regional machinery service centres),,decision variable: units_per_centre,parameter,"{'default': 8, 'range': [2, 30]}",,C,curated:config,,,True,,decision_variable
POL-P3-DV-mountain_allocation_share,policy,P3,Service capacity expansion (regional machinery service centres),,decision variable: mountain_allocation_share,parameter,"{'default': 0.25, 'range': [0.0, 0.8]}",,C,curated:config,,,True,,decision_variable
POL-P4-INST,policy,P4,Digital skills training,数字技能培训,"Raises digital literacy, which lowers the learning cost term and raises the probability of reaching the effectively-used state. Skill decays without follow-up, so one-off training campaigns produce a transient bump that the model will show fading.",mechanism,,,C,curated:config,,,False,"targets=['T1', 'T2', 'T3']; sd_stock=capable_farmers; equity=favourable_if_targeted",instrument|T1|T2|T3
POL-P4-DV-slots_per_year,policy,P4,Digital skills training,,decision variable: slots_per_year,parameter,"{'default': 3000, 'range': [0, 20000]}",,C,curated:config,,,True,,decision_variable
POL-P4-DV-followup_support,policy,P4,Digital skills training,,decision variable: followup_support,parameter,"{'default': False, 'options': [True, False]}",,C,curated:config,,,True,,decision_variable
POL-P4-DV-skill_gain,policy,P4,Digital skills training,,decision variable: skill_gain,parameter,"{'default': 0.12, 'range': [0.02, 0.3]}",,C,curated:config,,,True,,decision_variable
POL-P4-DV-decay_rate_annual,policy,P4,Digital skills training,,decision variable: decay_rate_annual,parameter,"{'default': 0.2, 'range': [0.0, 0.5]}",,C,curated:config,,,True,,decision_variable
POL-P5-INST,policy,P5,Warning plus emergency operation guarantee,预警＋应急作业保障,"Combines information with reserved operating capacity, so that a warning can actually be acted on during a correlated shock. Designed specifically to break the D2 and D3 failure mode where everyone is warned simultaneously and nobody can get served.",mechanism,,,C,curated:config,,,False,"targets=['T1', 'T3']; sd_stock=['infrastructure', 'service_capacity']; equity=favourable",instrument|T1|T3
POL-P5-DV-lead_time_gain_days,policy,P5,Warning plus emergency operation guarantee,,decision variable: lead_time_gain_days,parameter,"{'default': 0.5, 'range': [0.0, 2.0]}",,C,curated:config,,,True,,decision_variable
POL-P5-DV-reserved_capacity_share,policy,P5,Warning plus emergency operation guarantee,,decision variable: reserved_capacity_share,parameter,"{'default': 0.1, 'range': [0.0, 0.4]}",,C,curated:config,,,True,,decision_variable
POL-P5-DV-false_alarm_penalty,policy,P5,Warning plus emergency operation guarantee,,decision variable: false_alarm_penalty,parameter,"{'default': 0.05, 'range': [0.0, 0.2]}",,C,curated:config,,,True,,decision_variable
POL-P6-INST,policy,P6,Precision insurance with remote sensing loss assessment,精准农业保险与遥感核损,"Changes the outcome distribution the farmer faces rather than the production function, so it acts directly on the risk-aversion channel: it lowers the effective c1 and therefore, through Proposition 1, shifts the equilibrium contract form and the effort the provider supplies. Payout speed governs post-shock replanting and recovery time.",mechanism,,,C,curated:config,,,False,targets=['T6']; sd_stock=government_budget; equity=mixed,instrument|T6
POL-P6-DV-premium_subsidy_rate,policy,P6,Precision insurance with remote sensing loss assessment,,decision variable: premium_subsidy_rate,parameter,"{'default': 0.6, 'range': [0.0, 0.9]}",,C,curated:config,,,True,,decision_variable
POL-P6-DV-payout_lag_days,policy,P6,Precision insurance with remote sensing loss assessment,,decision variable: payout_lag_days,parameter,"{'default': 60, 'range': [7, 180]}",,C,curated:config,,,True,,decision_variable
POL-P6-DV-coverage_ratio,policy,P6,Precision insurance with remote sensing loss assessment,,decision variable: coverage_ratio,parameter,"{'default': 0.55, 'range': [0.2, 1.0]}",,C,curated:config,,,True,,decision_variable
POL-P6-DV-basis_risk,policy,P6,Precision insurance with remote sensing loss assessment,,decision variable: basis_risk,parameter,"{'default': 0.15, 'range': [0.0, 0.4]}",,C,curated:config,,,True,,decision_variable
POL-P6-SE-249962,policy,P6,Precision insurance with remote sensing loss assessment,,basis risk and algorithmic exclusion of atypical plots,mechanism,,,C,curated:config,,,False,,side_effect
POL-P6-SE-94602,policy,P6,Precision insurance with remote sensing loss assessment,,claim processing congestion after correlated events,mechanism,,,C,curated:config,,,False,,side_effect
POL-P7-INST,policy,P7,Mountain and hill adaptation investment,山地适配投资,"Raises the terrain-fit multiplier for hill and mountain agents, which otherwise caps achievable efficacy regardless of how much subsidy is spent. The instrument that most directly addresses the spatial equity objective.",mechanism,,,C,curated:config,,,False,"targets=['T2', 'T3']; sd_stock=service_capacity; equity=strongly_favourable",instrument|T2|T3
POL-P7-DV-light_equipment_share,policy,P7,Mountain and hill adaptation investment,,decision variable: light_equipment_share,parameter,"{'default': 0.2, 'range': [0.0, 0.6]}",,C,curated:config,,,True,,decision_variable
POL-P7-DV-remote_service_points,policy,P7,Mountain and hill adaptation investment,,decision variable: remote_service_points,parameter,"{'default': 10, 'range': [0, 60]}",,C,curated:config,,,True,,decision_variable
POL-P7-DV-transport_support,policy,P7,Mountain and hill adaptation investment,,decision variable: transport_support,parameter,"{'default': 0.0, 'range': [0.0, 1.0]}",,C,curated:config,,,True,,decision_variable
